stock_code,name,sector,buy_date,sell_date,bt_buy_price,bt_sell_price,bt_return,fdr_buy_price,fdr_sell_price,fdr_return,return_diff,abs_diff,status
010130,고려아연,1차비철금속제조업,20180102,20180307,486624.0,506094.0,0.0400098688046279,487500.0,507000.0,0.040000000000000036,9.868804627867489e-06,9.868804627867489e-06,match
010130,고려아연,1차비철금속제조업,20210706,20210906,435609.0,517481.0,0.1879490949829385,436000.0,518000.0,0.18807339449541294,-0.00012429951247444615,0.00012429951247444615,match
007340,DN오토모티브,고무제품제조업,20180102,20220406,6316.0,16749.0,1.651935711072031,6309.0,16744.0,1.6539863686796639,-0.0020506576076328997,0.0020506576076328997,match
007340,DN오토모티브,일차전지및축전지제조업,20240102,20240306,15396.0,16479.0,0.0703141243800928,15382.0,16464.0,0.07034195813288258,-2.7833752789779842e-05,2.7833752789779842e-05,match
007340,DN오토모티브,일차전지및이차전지제조업,20240507,20240709,16477.0,15932.0,-0.0330429169348894,16464.0,15923.0,-0.032859572400388726,-0.00018334453450067484,0.00018334453450067484,match
007340,DN오토모티브,일차전지및이차전지제조업,20240708,20240906,15932.0,18121.0,0.137372406509773,15923.0,18106.0,0.1370972806631916,0.00027512584658140327,0.00027512584658140327,match
007340,DN오토모티브,일차전지및축전지제조업,20251114,,23450.0,,4.970124193648395e-05,,,,,,no_sell_date
033780,KT&G,담배제조업,20180102,20180307,111271.0,97392.0,-0.1247280312763393,111500.0,97600.0,-0.12466367713004489,-6.435414629440972e-05,6.435414629440972e-05,match
033780,KT&G,담배제조업,20180504,20180710,96826.0,107813.0,0.1134753627737652,97000.0,108000.0,0.11340206185567014,7.330091809505668e-05,7.330091809505668e-05,match
033780,KT&G,담배제조업,20180906,20181113,100813.0,100811.0,-1.7065321514686538e-05,101000.0,101000.0,0.0,-1.7065321514686538e-05,1.7065321514686538e-05,match
033780,KT&G,담배제조업,20210308,20210507,79964.0,83754.0,0.0473923184558693,80100.0,83900.0,0.04744069912609228,-4.8380670222974986e-05,4.8380670222974986e-05,match
033780,KT&G,담배제조업,20210506,20210707,83754.0,83479.0,-0.0032862543044501,83900.0,83600.0,-0.0035756853396901045,0.00028943103524000464,0.00028943103524000464,match
033780,KT&G,담배제조업,20210903,20211110,81685.0,85177.0,0.0427539615021759,81800.0,85300.0,0.04278728606356963,-3.3324561393731356e-05,3.3324561393731356e-05,match
000270,기아,자동차용엔진및자동차제조업,20180102,20180307,32545.0,33042.0,0.0152704020095855,32600.0,33100.0,0.015337423312883347,-6.702130329784735e-05,6.702130329784735e-05,match
000270,기아,자동차용엔진및자동차제조업,20201106,20210111,52188.0,69950.0,0.3403589849163191,52300.0,70100.0,0.3403441682600383,1.4816656280780549e-05,1.4816656280780549e-05,match
086280,현대글로비스,기타운송관련서비스업,20180102,20180307,68737.0,71478.0,0.0398768302524408,68777.0,71528.0,0.03999883682044869,-0.00012200656800789161,0.00012200656800789161,match
086280,현대글로비스,기타운송관련서비스업,20180306,20180508,71478.0,77981.0,0.0909728752720331,71528.0,78030.0,0.09090146516049669,7.141011153641297e-05,7.141011153641297e-05,match
086280,현대글로비스,기타운송관련서비스업,20180709,20180907,56736.0,66995.0,0.1808074866980866,56772.0,67026.0,0.18061720566476436,0.00019028103332224822,0.00019028103332224822,match
086280,현대글로비스,기타운송관련서비스업,20180906,20181113,66995.0,59498.0,-0.1118957783745547,67026.0,59523.0,-0.1119416345895623,4.585621500760584e-05,4.585621500760584e-05,match
086280,현대글로비스,기타운송관련서비스업,20200507,20200707,51011.0,53514.0,0.0490659839130207,51020.0,53521.0,0.04901999215993724,4.5991753083458875e-05,4.5991753083458875e-05,match
010950,S-Oil,석유정제품제조업,20180102,20180307,113306.0,122250.0,0.0789319599903948,113500.0,122500.0,0.07929515418502198,-0.00036319419462717273,0.00036319419462717273,match
010950,S-Oil,석유정제품제조업,20180504,20180710,105806.0,107346.0,0.014556438269331,106000.0,107500.0,0.014150943396226356,0.00040549487310464344,0.00040549487310464344,match
010950,S-Oil,석유정제품제조업,20200304,20200508,67789.0,68984.0,0.01763588432773,67800.0,69000.0,0.017699115044247815,-6.323071651781476e-05,6.323071651781476e-05,match
161390,한국타이어앤테크놀로지,고무제품제조업,20180102,20180307,54028.0,55426.0,0.0258900215413762,54000.0,55400.0,0.025925925925925908,-3.5904384549707846e-05,3.5904384549707846e-05,match
161390,한국타이어앤테크놀로지,고무제품제조업,20200304,20200508,26048.0,22398.0,-0.1401132574787896,26050.0,22400.0,-0.1401151631477927,1.9056690030994083e-06,1.9056690030994083e-06,match
161390,한국타이어앤테크놀로지,고무제품제조업,20200507,20200707,22398.0,26907.0,0.2012994696724781,22400.0,26900.0,0.2008928571428572,0.00040661252962090333,0.00040661252962090333,match
138040,메리츠금융지주,UNMAPPED_SECTOR,20180102,20180307,14992.0,15045.0,0.0035743170685225,15000.0,15050.0,0.0033333333333334103,0.0002409837351890899,0.0002409837351890899,match
138040,메리츠금융지주,UNMAPPED_SECTOR,20180906,20181113,12148.0,11948.0,-0.0164757632538485,12150.0,11950.0,-0.016460905349794275,-1.4857904054223908e-05,1.4857904054223908e-05,match
175330,JB금융지주,UNMAPPED_SECTOR,20180102,20180307,6163.0,6283.0,0.0194937697782435,6160.0,6280.0,0.01948051948051943,1.3250297724066995e-05,1.3250297724066995e-05,match
175330,JB금융지주,UNMAPPED_SECTOR,20230306,20230508,9374.0,8344.0,-0.109870212511178,9380.0,8350.0,-0.10980810234541583,-6.211016576217199e-05,6.211016576217199e-05,match
175330,JB금융지주,기타금융업,20250910,20251117,24850.0,24253.0,-0.0240297526952318,24850.0,24250.0,-0.024144869215291798,0.00011511652005999698,0.00011511652005999698,match
138930,BNK금융지주,UNMAPPED_SECTOR,20180102,20180307,9314.0,10456.0,0.1225404766534559,9310.0,10450.0,0.12244897959183665,9.149706161924731e-05,9.149706161924731e-05,match
138930,BNK금융지주,UNMAPPED_SECTOR,20190102,20190308,6885.0,6824.0,-0.0088791486753732,6880.0,6820.0,-0.008720930232558155,-0.00015821844281504495,0.00015821844281504495,match
138930,BNK금융지주,UNMAPPED_SECTOR,20190307,20190509,6824.0,6929.0,0.0154320203816686,6820.0,6930.0,0.016129032258064502,-0.0006970118763959011,0.0006970118763959011,match
138930,BNK금융지주,UNMAPPED_SECTOR,20190508,20190709,6929.0,7340.0,0.0592660537695142,6930.0,7340.0,0.059163059163059195,0.00010299460645500635,0.00010299460645500635,match
138930,BNK금융지주,UNMAPPED_SECTOR,20190708,20190906,7340.0,6723.0,-0.0840260011968743,7340.0,6720.0,-0.08446866485013627,0.0004426636532619682,0.0004426636532619682,match
138930,BNK금융지주,UNMAPPED_SECTOR,20190905,20191111,6723.0,7181.0,0.0681868997480965,6720.0,7180.0,0.06845238095238093,-0.00026548120428443456,0.00026548120428443456,match
138930,BNK금융지주,기타금융업,20250711,20250911,15857.0,15396.0,-0.0290622091418261,15860.0,15400.0,-0.0290037831021438,-5.8426039682302894e-05,5.8426039682302894e-05,match
138930,BNK금융지주,기타금융업,20250910,20251117,15396.0,15109.0,-0.0186673883995528,15400.0,15110.0,-0.018831168831168865,0.0001637804316160646,0.0001637804316160646,match
138930,BNK금융지주,기타금융업,20251114,,15109.0,,-0.0297706018623601,,,,,,no_sell_date
171090,선익시스템,반도체제조업,20180306,20210715,12892.0,28600.0,1.2184402539206451,12909.0,28600.0,1.215508559919436,0.002931694001209184,0.002931694001209184,match
024800,유성티엔에스,육상여객운송업,20180306,20180822,3728.0,3694.0,-0.0090778423492768,3660.0,3695.0,0.0095628415300546,-0.018640683879331398,0.018640683879331398,match
114090,GKL,유원지및기타오락관련서비스업,20180306,20180508,23138.0,27032.0,0.1683248288042516,23200.0,27100.0,0.1681034482758621,0.00022138052838949207,0.00022138052838949207,match
114090,GKL,유원지및기타오락관련서비스업,20191108,20200113,21412.0,21715.0,0.014150476351141,21450.0,21750.0,0.013986013986013957,0.00016446236512704382,0.00016446236512704382,match
114090,GKL,유원지및기타오락관련서비스업,20240102,20240306,13495.0,12196.0,-0.0962447807207834,13500.0,12200.0,-0.09629629629629632,5.1515575512930956e-05,5.1515575512930956e-05,match
114090,GKL,유원지및기타오락관련서비스업,20240708,20240906,12148.0,11616.0,-0.0437740052799113,12150.0,11620.0,-0.043621399176954734,-0.00015260610295656646,0.00015260610295656646,match
196170,알테오젠,자연과학및공학연구개발업,20180306,20180508,5058.0,9167.0,0.8122879332509867,5048.0,9150.0,0.8125990491283677,-0.0003111158773809741,0.0003111158773809741,match
196170,알테오젠,자연과학및공학연구개발업,20210308,20210507,65091.0,64269.0,-0.012637437344971,65062.0,64227.0,-0.012833912268297887,0.00019647492332688747,0.00019647492332688747,match
155650,와이엠씨,전자부품제조업,20180306,20180508,8049.0,8856.0,0.1002052761361205,8055.0,8861.0,0.1000620732464308,0.00014320288968970585,0.00014320288968970585,match
001040,CJ,기타금융업,20180306,20180508,151159.0,153049.0,0.012504566002121,151346.0,153232.0,0.012461512032032607,4.305397008839279e-05,4.305397008839279e-05,match
088130,동아엘텍,특수목적용기계제조업,20180306,20180508,5347.0,5022.0,-0.0608925377050906,5350.0,5025.0,-0.06074766355140182,-0.00014487415368878015,0.00014487415368878015,match
267260,HD현대일렉트릭,"전동기,발전기및전기변환ㆍ공급ㆍ제어장치제조업",20180306,20180622,36572.0,31556.0,-0.1371474029529923,36628.0,31606.0,-0.13710822321721083,-3.917973578146383e-05,3.917973578146383e-05,match
267260,HD현대일렉트릭,"전동기,발전기및전기변환ㆍ공급ㆍ제어장치제조업",20180906,20181113,26839.0,19162.0,-0.2860583098610892,26886.0,19201.0,-0.28583649483002305,-0.00022181503106616374,0.00022181503106616374,match
267260,HD현대일렉트릭,"전동기,발전기및전기변환ㆍ공급ㆍ제어장치제조업",20200706,20200904,8093.0,15833.0,0.9565134964701963,8100.0,15850.0,0.9567901234567902,-0.0002766269865938087,0.0002766269865938087,match
006040,동원산업,어로어업,20180306,20180508,55472.0,62192.0,0.1211375603013942,55468.0,62197.0,0.12131318958678872,-0.00017562928539451017,0.00017562928539451017,match
006040,동원산업,어로어업,20180906,20181113,53444.0,36812.0,-0.3112004768089894,53468.0,36827.0,-0.31123288696042495,3.2410151435569023e-05,3.2410151435569023e-05,match
006040,동원산업,어로어업,20181112,20190115,36812.0,37163.0,0.0095328192973647,36827.0,37191.0,0.00988405246150914,-0.0003512331641444405,0.0003512331641444405,match
006040,동원산업,기타금융업,20250310,20250513,35646.0,41686.0,0.1694442499139088,35650.0,41700.0,0.16970546984572232,-0.0002612199318135222,0.0002612199318135222,match
006040,동원산업,기타금융업,20250910,20251117,46943.0,45593.0,-0.0287422267574217,46950.0,45600.0,-0.028753993610223683,1.176685280198167e-05,1.176685280198167e-05,match
265520,AP시스템,특수목적용기계제조업,20180504,20191011,21876.0,27247.0,0.2454954273804606,21850.0,27200.0,0.2448512585812357,0.000644168799224909,0.000644168799224909,match
265520,AP시스템,특수목적용기계제조업,20211109,20220110,22618.0,24264.0,0.072761950155137,22600.0,24250.0,0.07300884955752207,-0.0002468994023850646,0.0002468994023850646,match
034220,LG디스플레이,전자부품제조업,20180504,20180710,20640.0,18099.0,-0.1231003788710591,20658.0,18116.0,-0.12305160228482914,-4.8776586229953844e-05,4.8776586229953844e-05,match
034220,LG디스플레이,전자부품제조업,20200507,20200707,10072.0,11270.0,0.1189288746094814,10074.0,11276.0,0.11931705380186619,-0.00038817919238479104,0.00038817919238479104,match
053450,세코닉스,사진장비및광학기기제조업,20180504,20211108,12331.0,8125.0,-0.3411009779061384,12351.0,8120.0,-0.34256335519391146,0.0014623772877730423,0.0014623772877730423,match
004380,삼익THK,일반목적용기계제조업,20180504,20180710,17222.0,14718.0,-0.1453983835175571,17200.0,14700.0,-0.14534883720930236,-4.9546308254738713e-05,4.9546308254738713e-05,match
004380,삼익THK,일반목적용기계제조업,20220509,20220711,13416.0,12066.0,-0.1006151504621153,13400.0,12050.0,-0.10074626865671643,0.0001311181946011264,0.0001311181946011264,match
213420,덕산네오룩스,전자부품제조업,20180504,20180710,15069.0,15513.0,0.0294506380335166,15100.0,15550.0,0.0298013245033113,-0.00035068646979469903,0.00035068646979469903,match
139480,이마트,종합소매업,20180504,20180710,262178.0,245559.0,-0.0633870301669047,261500.0,245000.0,-0.06309751434034416,-0.00028951582656053243,0.00028951582656053243,match
003670,포스코퓨처엠,"시멘트,석회,플라스터및그제품제조업",20180504,20180710,32361.0,42959.0,0.3274812958564972,32343.0,42942.0,0.3277061497078193,-0.00022485385132209323,0.00022485385132209323,match
088350,한화생명,UNMAPPED_SECTOR,20180504,20180710,5964.0,5204.0,-0.1273048461835033,5970.0,5210.0,-0.12730318257956452,-1.6636039387729618e-06,1.6636039387729618e-06,match
088350,한화생명,UNMAPPED_SECTOR,20190102,20190308,4150.0,4005.0,-0.0350313296650025,4155.0,4010.0,-0.03489771359807459,-0.00013361606692791073,0.00013361606692791073,match
088350,한화생명,UNMAPPED_SECTOR,20190307,20190509,4005.0,3675.0,-0.0823998593995674,4010.0,3680.0,-0.0822942643391521,-0.00010559506041529776,0.00010559506041529776,match
088350,한화생명,UNMAPPED_SECTOR,20190708,20190906,2991.0,2392.0,-0.2002126966911949,2995.0,2395.0,-0.20033388981636058,0.00012119312516567504,0.00012119312516567504,match
088350,한화생명,UNMAPPED_SECTOR,20190905,20191111,2392.0,2412.0,0.0082925728492451,2395.0,2415.0,0.008350730688935215,-5.8157839690115704e-05,5.8157839690115704e-05,match
088350,한화생명,보험업,20240305,20240508,3171.0,2976.0,-0.0614628400393665,3170.0,2975.0,-0.061514195583596165,5.135554422966426e-05,5.135554422966426e-05,match
088350,한화생명,보험업,20240507,20240709,2976.0,2961.0,-0.0051059844583993,2975.0,2960.0,-0.005042016806722671,-6.396765167662917e-05,6.396765167662917e-05,match
088350,한화생명,보험업,20240708,20240906,2961.0,2940.0,-0.0070545313016943,2960.0,2940.0,-0.006756756756756799,-0.00029777454493750116,0.00029777454493750116,match
088350,한화생명,보험업,20240905,20241113,2940.0,2750.0,-0.064549644141592,2940.0,2750.0,-0.06462585034013602,7.62061985440099e-05,7.62061985440099e-05,match
088350,한화생명,보험업,20241112,20250115,2750.0,2500.0,-0.0910382922128238,2750.0,2500.0,-0.09090909090909094,-0.00012920130373285377,0.00012920130373285377,match
232140,와이씨,특수목적용기계제조업,20180709,20180907,3906.0,4186.0,0.0717510952187125,3900.0,4180.0,0.07179487179487176,-4.377657615926844e-05,4.377657615926844e-05,match
232140,와이씨,특수목적용기계제조업,20220308,20220510,5258.0,5077.0,-0.0344117043866232,5250.0,5070.0,-0.03428571428571425,-0.0001259901009089473,0.0001259901009089473,match
232140,와이씨,특수목적용기계제조업,20220509,20230117,5077.0,3089.0,-0.3916612338767462,5070.0,3085.0,-0.3915187376725838,-0.00014249620416234565,0.00014249620416234565,match
232140,와이씨,특수목적용기계제조업,20250711,20251211,9895.0,14278.0,0.4430099923679196,9900.0,14280.0,0.4424242424242424,0.0005857499436772162,0.0005857499436772162,match
103130,웅진에너지,반도체제조업,20180709,,3679.0,,-0.0355356038458889,,,,,,no_sell_date
035080,그래디언트,기타금융업,20180709,20181002,13439.0,11616.0,-0.1356355441943174,13425.0,11600.0,-0.13594040968342647,0.00030486548910907407,0.00030486548910907407,match
161580,필옵틱스,특수목적용기계제조업,20180709,20180911,7339.0,8711.0,0.1869945627527036,7330.0,8700.0,0.18690313778990442,9.142496279918033e-05,9.142496279918033e-05,match
260660,알리코제약,의료용품및기타의약관련제품제조업,20180709,20180907,9343.0,11137.0,0.1920701554731891,9338.0,11136.0,0.1925465838509317,-0.00047642837774261593,0.00047642837774261593,match
078890,가온그룹,통신및방송장비제조업,20180709,20190610,6575.0,11962.0,0.8193023193068363,6562.0,11947.0,0.8206339530630906,-0.0013316337562543357,0.0013316337562543357,match
112610,씨에스윈드,"구조용금속제품,탱크및증기발생기제조업",20180709,20181207,13034.0,13985.0,0.0729412799073097,13001.0,13950.0,0.07299438504730404,-5.3105139994347184e-05,5.3105139994347184e-05,match
014820,동원시스템즈,플라스틱제품제조업,20180709,20180907,37704.0,30829.0,-0.1823345471749893,37800.0,30900.0,-0.18253968253968256,0.00020513536469327076,0.00020513536469327076,match
160980,싸이맥스,특수목적용기계제조업,20180709,20180907,10867.0,10916.0,0.0045707519050366,10850.0,10900.0,0.004608294930875667,-3.754302583906712e-05,3.754302583906712e-05,match
115390,락앤락,플라스틱제품제조업,20180906,20181113,17147.0,16441.0,-0.0411402896929363,17142.0,16436.0,-0.0411853926029635,4.5102910027197685e-05,4.5102910027197685e-05,match
001800,오리온홀딩스,기타금융업,20180906,20181113,18560.0,15516.0,-0.1640133694333846,18600.0,15550.0,-0.16397849462365588,-3.4874809728718814e-05,3.4874809728718814e-05,match
001800,오리온홀딩스,기타금융업,20181112,20190115,15516.0,18268.0,0.1773707437621245,15550.0,18300.0,0.17684887459807075,0.0005218691640537509,0.0005218691640537509,match
001800,오리온홀딩스,기타금융업,20190102,20190308,16718.0,19418.0,0.1615193147302265,16750.0,19450.0,0.16119402985074638,0.00032528487948010887,0.00032528487948010887,match
001800,오리온홀딩스,기타금융업,20190307,20190509,19418.0,18723.0,-0.0357903736766564,19450.0,18750.0,-0.03598971722365041,0.00019934354699401025,0.00019934354699401025,match
001800,오리온홀딩스,기타금융업,20250102,20250311,15043.0,15161.0,0.0078091413836611,15040.0,15160.0,0.007978723404255428,-0.00016958202059432805,0.00016958202059432805,match
001800,오리온홀딩스,기타금융업,20250310,20250513,15161.0,19505.0,0.2865749740929453,15160.0,19500.0,0.2862796833773087,0.00029529071563660914,0.00029529071563660914,match
001800,오리온홀딩스,기타금융업,20250512,20251017,19505.0,19199.0,-0.015690223783603,19500.0,19200.0,-0.01538461538461533,-0.00030560839898767164,0.00030560839898767164,match
001800,오리온홀딩스,기타금융업,20250910,20251117,21250.0,19830.0,-0.066810395446743,21250.0,19830.0,-0.06682352941176473,1.31339650217277e-05,1.31339650217277e-05,match
001800,오리온홀딩스,기타금융업,20251114,,19830.0,,0.0405733765159164,,,,,,no_sell_date
200880,서연이화,자동차신품부품제조업,20180906,20181113,6138.0,4024.0,-0.3444889319615983,6140.0,4025.0,-0.3444625407166124,-2.6391244985879414e-05,2.6391244985879414e-05,match
200880,서연이화,자동차신품부품제조업,20181112,20190115,4024.0,4742.0,0.1784852000088674,4025.0,4745.0,0.17888198757763973,-0.00039678756877234433,0.00039678756877234433,match
036460,한국가스공사,연료용가스제조및배관공급업,20180906,20181113,54475.0,52075.0,-0.044066261040879,54500.0,52100.0,-0.044036697247706424,-2.9563793172572572e-05,2.9563793172572572e-05,match
251270,넷마블,소프트웨어개발및공급업,20180906,20181113,112953.0,122951.0,0.08850824398136,113000.0,123000.0,0.08849557522123885,1.2668760121140044e-05,1.2668760121140044e-05,match
251270,넷마블,소프트웨어개발및공급업,20201106,20210111,129054.0,127076.0,-0.0153264749486763,129000.0,127000.0,-0.015503875968992276,0.00017740102031597524,0.00017740102031597524,match
251270,넷마블,소프트웨어개발및공급업,20230905,20231110,43033.0,47024.0,0.0927353109047408,43000.0,47000.0,0.09302325581395343,-0.00028794490921263405,0.00028794490921263405,match
203650,드림시큐리티,소프트웨어개발및공급업,20181112,20190115,1361.0,1656.0,0.2169753134265655,1362.0,1657.0,0.21659324522760648,0.0003820681989590291,0.0003820681989590291,match
002795,아모레퍼시픽홀딩스우,UNMAPPED_SECTOR,20181112,20190430,27713.0,33479.0,0.2080705752790002,27762.0,33523.0,0.20751386787695414,0.0005567074020460527,0.0005567074020460527,match
103140,풍산,1차비철금속제조업,20181112,20190115,26907.0,29306.0,0.0891510279506762,26900.0,29300.0,0.08921933085501865,-6.830290434245434e-05,6.830290434245434e-05,match
123890,한국자산신탁,UNMAPPED_SECTOR,20181112,20190116,3565.0,3893.0,0.0919668331530925,3568.0,3895.0,0.09164798206278024,0.00031885109031225267,0.00031885109031225267,match
298050,HS효성첨단소재,화학섬유제조업,20181112,20190115,100505.0,108989.0,0.0844095416084729,100500.0,109000.0,0.08457711442786064,-0.00016757281938774293,0.00016757281938774293,match
298050,HS효성첨단소재,화학섬유제조업,20200304,20200508,89039.0,86827.0,-0.0248368680231899,89000.0,86800.0,-0.024719101123595544,-0.00011776689959435566,0.00011776689959435566,match
082920,비츠로셀,일차전지및축전지제조업,20181112,20190115,5331.0,5240.0,-0.0170495611906368,5332.0,5241.0,-0.017066766691672952,1.7205501036152843e-05,1.7205501036152843e-05,match
003300,한일홀딩스,"시멘트,석회,플라스터및그제품제조업",20181112,20190115,11688.0,11054.0,-0.0543025259320263,11689.0,11052.0,-0.054495679698862154,0.00019315376683585322,0.00019315376683585322,match
139130,iM금융지주,UNMAPPED_SECTOR,20190102,20190308,8150.0,8328.0,0.0218580992982631,8140.0,8320.0,0.02211302211302213,-0.0002549228147590288,0.0002549228147590288,match
139130,iM금융지주,UNMAPPED_SECTOR,20190307,20190509,8328.0,8700.0,0.0446799843591549,8320.0,8690.0,0.044471153846153744,0.00020883051300115557,0.00020883051300115557,match
139130,iM금융지주,기타금융업,20250512,20250714,10522.0,15476.0,0.4708025378589686,10520.0,15470.0,0.4705323193916351,0.00027021846733349397,0.00027021846733349397,match
139130,iM금융지주,기타금융업,20250711,20250911,15476.0,14213.0,-0.0816054935072909,15470.0,14210.0,-0.08144796380090502,-0.00015752970638588382,0.00015752970638588382,match
004990,롯데지주,기타식품제조업,20190102,20190308,50412.0,50615.0,0.00402848497592,50500.0,50700.0,0.003960396039603964,6.808893631603599e-05,6.808893631603599e-05,match
004990,롯데지주,기타식품제조업,20190307,20190509,50615.0,46776.0,-0.0758595781868852,50700.0,46850.0,-0.07593688362919138,7.730544230617753e-05,7.730544230617753e-05,match
030200,KT,전기통신업,20190102,20190308,30490.0,27734.0,-0.0904144593452879,30500.0,27750.0,-0.0901639344262295,-0.0002505249190584008,0.0002505249190584008,match
030200,KT,전기통신업,20190307,20190509,27734.0,27979.0,0.0088474559928102,27750.0,28000.0,0.009009009009008917,-0.00016155301619871776,0.00016155301619871776,match
030200,KT,전기통신업,20190708,20190906,27740.0,27091.0,-0.0233687257481893,27750.0,27100.0,-0.023423423423423406,5.4697675234107596e-05,5.4697675234107596e-05,match
030200,KT,전기통신업,20190905,20191111,27091.0,27131.0,0.0014459602326497,27100.0,27150.0,0.0018450184501845879,-0.000399058217534888,0.000399058217534888,match
000240,한국앤컴퍼니,기타금융업,20190102,20190308,16708.0,16008.0,-0.0418829723426138,16700.0,16000.0,-0.041916167664670656,3.319532205685316e-05,3.319532205685316e-05,match
000240,한국앤컴퍼니,기타금융업,20190307,20190509,16008.0,16652.0,0.0402463347566652,16000.0,16650.0,0.04062499999999991,-0.00037866524333471374,0.00037866524333471374,match
000240,한국앤컴퍼니,기타금융업,20250310,20250513,15989.0,16154.0,0.0103056910239407,15990.0,16150.0,0.01000625390869292,0.0002994371152477814,0.0002994371152477814,match
000240,한국앤컴퍼니,기타금융업,20250512,20250714,16154.0,25899.0,0.6032802252923211,16150.0,25900.0,0.6037151702786379,-0.0004349449863167987,0.0004349449863167987,match
000240,한국앤컴퍼니,기타금융업,20250711,20250911,25899.0,23999.0,-0.0733537746234821,25900.0,24000.0,-0.07335907335907332,5.298735591227621e-06,5.298735591227621e-06,match
000240,한국앤컴퍼니,기타금융업,20251114,,27006.0,,-0.0274492000257894,,,,,,no_sell_date
200130,콜마비앤에이치,기초의약물질및생물학적제제제조업,20190102,20190308,19186.0,29928.0,0.5598682914688315,19200.0,29950.0,0.5598958333333333,-2.7541864501712254e-05,2.7541864501712254e-05,match
200130,콜마비앤에이치,기초의약물질및생물학적제제제조업,20190307,20190509,29928.0,27526.0,-0.080278571941631,29950.0,27550.0,-0.08013355592654425,-0.0001450160150867491,0.0001450160150867491,match
200130,콜마비앤에이치,기초의약물질제조업,20210706,20210906,49372.0,39427.0,-0.2014182914587716,49400.0,39450.0,-0.20141700404858298,-1.2874101886217737e-06,1.2874101886217737e-06,match
200130,콜마비앤에이치,기초의약물질및생물학적제제제조업,20210903,20211110,39427.0,33687.0,-0.1455844430556711,39450.0,33700.0,-0.1457541191381495,0.00016967608247842048,0.00016967608247842048,match
200130,콜마비앤에이치,기초의약물질및생물학적제제제조업,20240305,20240508,14401.0,15582.0,0.0820395329094851,14400.0,15580.0,0.08194444444444438,9.508846504072133e-05,9.508846504072133e-05,match
200130,콜마비앤에이치,기초의약물질및생물학적제제제조업,20250102,20250311,11885.0,12464.0,0.0487490572900342,11880.0,12460.0,0.04882154882154888,-7.249153151467347e-05,7.249153151467347e-05,match
200130,콜마비앤에이치,기초의약물질및생물학적제제제조업,20250310,20250513,12464.0,13965.0,0.1203798816690149,12460.0,13960.0,0.12038523274478341,-5.351075768517122e-06,5.351075768517122e-06,match
069260,TKG휴켐스,기타화학제품제조업,20190102,20190308,23088.0,20336.0,-0.1192211750716414,23050.0,20300.0,-0.11930585683297179,8.468176133039074e-05,8.468176133039074e-05,match
069260,TKG휴켐스,기타화학제품제조업,20190307,20190509,20336.0,20380.0,0.002162766095074,20300.0,20350.0,0.0024630541871921707,-0.00030028809211817085,0.00030028809211817085,match
069260,TKG휴켐스,기타화학제품제조업,20190905,20191111,21633.0,22434.0,0.0369931798609795,21600.0,22400.0,0.03703703703703698,-4.3857176057482405e-05,4.3857176057482405e-05,match
069260,TKG휴켐스,기타화학제품제조업,20250102,20250311,17467.0,16036.0,-0.0819114954003072,17460.0,16030.0,-0.081901489117984,-1.0006282323199445e-05,1.0006282323199445e-05,match
069260,TKG휴켐스,기타화학제품제조업,20250310,20250513,16036.0,16023.0,-0.0008357177703215,16030.0,16020.0,-0.0006238303181534954,-0.00021188745216800455,0.00021188745216800455,match
069260,TKG휴켐스,기타화학제품제조업,20250512,20250714,16023.0,17281.0,0.078562400672933,16020.0,17280.0,0.0786516853932584,-8.928472032539159e-05,8.928472032539159e-05,match
069260,TKG휴켐스,기타화학제품제조업,20250711,20250911,17281.0,17660.0,0.0219341642057033,17280.0,17660.0,0.0219907407407407,-5.6576535037398956e-05,5.6576535037398956e-05,match
069260,TKG휴켐스,기타화학제품제조업,20250910,20251117,17660.0,17822.0,0.0091439160375399,17660.0,17820.0,0.009060022650056565,8.389338748333516e-05,8.389338748333516e-05,match
069260,TKG휴켐스,기타화학제품제조업,20251114,,17822.0,,0.0115097360062033,,,,,,no_sell_date
007310,오뚜기,기타식품제조업,20190102,20190308,727595.0,762928.0,0.048560844528934,726000.0,761000.0,0.04820936639118467,0.0003514781377493281,0.0003514781377493281,match
007310,오뚜기,기타식품제조업,20190307,20190509,762928.0,699673.0,-0.0829102995441954,761000.0,698000.0,-0.08278580814717473,-0.0001244913970206707,0.0001244913970206707,match
007310,오뚜기,기타식품제조업,20240102,20240306,396216.0,402231.0,0.0151804052578958,396000.0,402000.0,0.015151515151515138,2.889010638066139e-05,2.889010638066139e-05,match
016590,신대양제지,"골판지,종이상자및종이용기제조업",20190508,20190709,8055.0,7745.0,-0.0384148329500174,8070.0,7760.0,-0.0384138785625775,-9.54387439904003e-07,9.54387439904003e-07,match
002310,아세아제지,"골판지,종이상자및종이용기제조업",20190508,20190709,8488.0,7135.0,-0.1593641787747047,8490.0,7140.0,-0.1590106007067138,-0.00035357806799091174,0.00035357806799091174,match
002310,아세아제지,"골판지,종이상자및종이용기제조업",20201106,20210111,6697.0,8024.0,0.1981901959579712,6710.0,8040.0,0.19821162444113272,-2.1428483161528566e-05,2.1428483161528566e-05,match
119610,인터로조,사진장비및광학기기제조업,20190508,20190709,17634.0,15385.0,-0.1275036235979251,17668.0,15418.0,-0.12734887932986194,-0.0001547442680631672,0.0001547442680631672,match
119610,인터로조,사진장비및광학기기제조업,20190708,20190906,15385.0,16496.0,0.0721564254529045,15418.0,16526.0,0.07186405500064863,0.00029237045225587177,0.00029237045225587177,match
119610,인터로조,사진장비및광학기기제조업,20190905,20191111,16496.0,18037.0,0.0934362998823901,16526.0,18072.0,0.09354955827181421,-0.00011325838942410904,0.00011325838942410904,match
151860,KG에코솔루션,폐기물처리업,20190508,20190709,3761.0,3660.0,-0.0268308918924365,3760.0,3660.0,-0.02659574468085102,-0.00023514721158547983,0.00023514721158547983,match
151860,KG에코솔루션,폐기물처리업,20190708,20190906,3660.0,3334.0,-0.0890144247444734,3660.0,3335.0,-0.08879781420765032,-0.00021661053682307807,0.00021661053682307807,match
151860,KG에코솔루션,폐기물처리업,20190905,20191220,3334.0,3359.0,0.0075296040772114,3335.0,3360.0,0.007496251874062887,3.335220314851315e-05,3.335220314851315e-05,match
123690,한국화장품,생활용품도매업,20190508,20190709,11058.0,9646.0,-0.1276472022009801,11050.0,9640.0,-0.12760180995475112,-4.5392246228986854e-05,4.5392246228986854e-05,match
123690,한국화장품,생활용품도매업,20190708,20190906,9646.0,8316.0,-0.1379190733744204,9640.0,8310.0,-0.13796680497925307,4.773160483267924e-05,4.773160483267924e-05,match
060590,씨티씨바이오,생활용품도매업,20190508,20190709,8049.0,6111.0,-0.2407567788359718,8050.0,6110.0,-0.24099378881987576,0.00023700998390396855,0.00023700998390396855,match
060590,씨티씨바이오,생활용품도매업,20190708,20191024,6111.0,6031.0,-0.0131354003859665,6110.0,6030.0,-0.013093289689034338,-4.211069693216274e-05,4.211069693216274e-05,match
060590,씨티씨바이오,의약품제조업,20220708,20220908,8387.0,7636.0,-0.0895852797819167,8380.0,7630.0,-0.08949880668257759,-8.647309933910996e-05,8.647309933910996e-05,match
060590,씨티씨바이오,의약품제조업,20220907,20230210,7636.0,8377.0,0.0970419105637643,7630.0,8370.0,0.09698558322411532,5.632733964897052e-05,5.632733964897052e-05,match
060590,씨티씨바이오,의약품제조업,20221110,20230316,6886.0,10586.0,0.5373711427788228,6880.0,10580.0,0.5377906976744187,-0.0004195548955958639,0.0004195548955958639,match
081660,미스토홀딩스,생활용품도매업,20190508,20191014,76375.0,58610.0,-0.2326060757329358,76500.0,58700.0,-0.23267973856209145,7.366282915566291e-05,7.366282915566291e-05,match
081660,미스토홀딩스,생활용품도매업,20240102,20240306,38381.0,39588.0,0.0314428027503708,38400.0,39600.0,0.03125,0.00019280275037079908,0.00019280275037079908,match
081660,미스토홀딩스,생활용품도매업,20240507,20241016,40137.0,40056.0,-0.0020181289523778,40150.0,40050.0,-0.00249066002490661,0.0004725310725288102,0.0004725310725288102,match
029960,코엔텍,폐기물처리업,20190508,20190709,11238.0,10938.0,-0.0266879657826483,11250.0,10950.0,-0.026666666666666616,-2.129911598168499e-05,2.129911598168499e-05,match
029960,코엔텍,폐기물처리업,20210104,20210309,9182.0,8783.0,-0.0434941544470039,9190.0,8790.0,-0.043525571273122954,3.14168261190545e-05,3.14168261190545e-05,match
009240,한샘,생활용품도매업,20190508,20190709,87959.0,66973.0,-0.2385855176105091,88000.0,67000.0,-0.23863636363636365,5.0846025854534016e-05,5.0846025854534016e-05,match
009240,한샘,생활용품도매업,20210706,20220421,107444.0,80966.0,-0.2464432425828695,107500.0,81000.0,-0.24651162790697678,6.838532410727294e-05,6.838532410727294e-05,match
009240,한샘,생활용품도매업,20240305,20240508,47756.0,58013.0,0.214781488579705,47750.0,58000.0,0.2146596858638743,0.00012180271583070446,0.00012180271583070446,match
073240,금호타이어,고무제품제조업,20190708,20190906,3962.0,4201.0,0.0602805900348979,3960.0,4200.0,0.06060606060606055,-0.0003254705711626532,0.0003254705711626532,match
073240,금호타이어,고무제품제조업,20190905,20191111,4201.0,4180.0,-0.0050182554400992,4200.0,4180.0,-0.004761904761904745,-0.00025635067819445526,0.00025635067819445526,match
073240,금호타이어,고무제품제조업,20200507,20200707,3025.0,3015.0,-0.0034362391455847,3025.0,3015.0,-0.0033057851239669533,-0.00013045402161774656,0.00013045402161774656,match
073240,금호타이어,고무제품제조업,20251114,,5309.0,,0.1031467482433219,,,,,,no_sell_date
001680,대상,도시락및식사용조리식품제조업,20190708,20190906,25009.0,21612.0,-0.1358392376107439,25000.0,21600.0,-0.136,0.0001607623892561083,0.0001607623892561083,match
001680,대상,도시락및식사용조리식품제조업,20190905,20191111,21612.0,22309.0,0.0322584046762524,21600.0,22300.0,0.03240740740740744,-0.00014900273115504153,0.00014900273115504153,match
001680,대상,기타식품제조업,20240305,20240508,19495.0,21973.0,0.1271006897013868,19470.0,21950.0,0.12737544940934775,-0.00027475970796095317,0.00027475970796095317,match
001680,대상,도시락및식사용조리식품제조업,20240507,20240709,21973.0,26219.0,0.1932337578455845,21950.0,26200.0,0.1936218678815489,-0.0003881100359643952,0.0003881100359643952,match
316140,우리금융지주,UNMAPPED_SECTOR,20190708,20190906,13700.0,12050.0,-0.1204760860274546,13700.0,12050.0,-0.12043795620437958,-3.812982307502266e-05,3.812982307502266e-05,match
316140,우리금융지주,UNMAPPED_SECTOR,20190905,20191111,12050.0,12197.0,0.0122704086434266,12050.0,12200.0,0.012448132780082943,-0.00017772413665634312,0.00017772413665634312,match
316140,우리금융지주,기타금융업,20250512,20250714,17852.0,26700.0,0.4956195314301894,17850.0,26700.0,0.4957983193277311,-0.0001787878975417212,0.0001787878975417212,match
316140,우리금융지주,기타금융업,20250711,20250911,26700.0,25441.0,-0.0471794942551909,26700.0,25450.0,-0.04681647940074907,-0.00036301485444183157,0.00036301485444183157,match
316140,우리금융지주,기타금융업,20251114,,26498.0,,0.0411510106980315,,,,,,no_sell_date
018880,한온시스템,일반목적용기계제조업,20190905,20191111,10695.0,10650.0,-0.0042385370915684,10689.0,10643.0,-0.004303489568715513,6.495247714711268e-05,6.495247714711268e-05,match
018880,한온시스템,일반목적용기계제조업,20200903,20201109,11768.0,11536.0,-0.0197233369538122,11758.0,11526.0,-0.019731246810682057,7.909856869856707e-06,7.909856869856707e-06,match
018880,한온시스템,일반목적용기계제조업,20210706,20210906,15620.0,15060.0,-0.0358865780646717,15616.0,15058.0,-0.03573258196721307,-0.00015399609745862797,0.00015399609745862797,match
018880,한온시스템,일반목적용기계제조업,20250711,20250911,3011.0,3304.0,0.0973848625822921,3011.0,3304.0,0.09730986383261375,7.499874967835385e-05,7.499874967835385e-05,match
245620,EDGC,자연과학및공학연구개발업,20191108,20200116,2862.0,2437.0,-0.1485235761745813,2862.0,2437.0,-0.14849755415793153,-2.6022016649779323e-05,2.6022016649779323e-05,match
245620,EDGC,자연과학및공학연구개발업,20200102,20200311,2527.0,3387.0,0.3402186537485252,2527.0,3386.0,0.33992876929165017,0.0002898844568750558,0.0002898844568750558,match
115180,큐리언트,자연과학및공학연구개발업,20191108,20200113,9236.0,10583.0,0.1459082185460181,9231.0,10581.0,0.1462463438414039,-0.00033812529538579383,0.00033812529538579383,match
115180,큐리언트,자연과학및공학연구개발업,20200102,20200305,12405.0,9963.0,-0.196879280513105,12401.0,9959.0,-0.19691960325780178,4.032274469678576e-05,4.032274469678576e-05,match
045100,한양이엔지,"건축기술,엔지니어링및관련기술서비스업",20191108,20200113,11756.0,11504.0,-0.0214005835679091,11750.0,11500.0,-0.021276595744680882,-0.00012398782322821725,0.00012398782322821725,match
049960,쎌바이오텍,기초의약물질제조업,20191108,20200113,20084.0,18188.0,-0.0944292129049958,20100.0,18200.0,-0.09452736318407962,9.81502790838168e-05,9.81502790838168e-05,match
086900,메디톡스,기초의약물질제조업,20191108,20200113,243115.0,311862.0,0.2827736663723108,242898.0,311636.0,0.28299121441922126,-0.00021754804691048735,0.00021754804691048735,match
085660,차바이오텍,기초의약물질제조업,20191108,20200113,14263.0,13474.0,-0.0552875358848472,14262.0,13477.0,-0.055041368671995494,-0.000246167212851707,0.000246167212851707,match
031390,녹십자셀,기초의약물질제조업,20191108,20200113,44019.0,43362.0,-0.0149269569433541,44000.0,43350.0,-0.01477272727272727,-0.0001542296706268289,0.0001542296706268289,match
078160,메디포스트,기초의약물질제조업,20191108,20200113,28643.0,30931.0,0.0799039296112154,28648.0,30936.0,0.07986595922926565,3.797038194974789e-05,3.797038194974789e-05,match
207940,삼성바이오로직스,기초의약물질제조업,20191108,20200113,580924.0,640614.0,0.1027489876676663,581080.0,640715.0,0.10262786535416812,0.00012112231349817315,0.00012112231349817315,match
207940,삼성바이오로직스,기초의약물질및생물학적제제제조업,20220708,20220908,1219516.0,1191364.0,-0.0230846813780175,1220076.0,1192113.0,-0.022919064058304572,-0.00016561731971292612,0.00016561731971292612,match
207940,삼성바이오로직스,기초의약물질및생물학적제제제조업,20221110,20230111,1323637.0,1181128.0,-0.1076644509149253,1324570.0,1181810.0,-0.10777837335890139,0.00011392244397609441,0.00011392244397609441,match
226950,올릭스,자연과학및공학연구개발업,20200102,20200305,20809.0,17757.0,-0.1466486949412609,20819.0,17766.0,-0.14664489168547956,-3.8032557813372225e-06,3.8032557813372225e-06,match
226950,올릭스,자연과학및공학연구개발업,20200706,20200904,23644.0,27067.0,0.1447859212948032,23647.0,27075.0,0.14496553474013618,-0.00017961344533298784,0.00017961344533298784,match
226950,올릭스,자연과학및공학연구개발업,20200903,20201109,27067.0,34673.0,0.2809811186467352,27075.0,34682.0,0.28096029547553103,2.0823171204165103e-05,2.0823171204165103e-05,match
141080,리가켐바이오,자연과학및공학연구개발업,20200102,20200305,25171.0,25371.0,0.0079486121627154,25173.0,25373.0,0.00794502045842771,3.591704287689637e-06,3.591704287689637e-06,match
010140,삼성중공업,선박및보트건조업,20200102,20200305,6842.0,5879.0,-0.140752963117851,6834.0,5872.0,-0.14076675446297926,1.3791345128272292e-05,1.3791345128272292e-05,match
010140,삼성중공업,선박및보트건조업,20200507,20200707,4026.0,5418.0,0.3456616841496387,4021.0,5409.0,0.3451877642377519,0.00047391991188683313,0.00047391991188683313,match
010140,삼성중공업,선박및보트건조업,20250910,20251117,22342.0,26193.0,0.1723706996664391,22350.0,26200.0,0.17225950782997757,0.00011119183646152164,0.00011119183646152164,match
095700,제넥신,자연과학및공학연구개발업,20200102,20200305,44967.0,49114.0,0.0922210257644222,44960.0,49100.0,0.09208185053380791,0.00013917523061429682,0.00013917523061429682,match
042660,한화오션,선박및보트건조업,20200102,20200305,24469.0,20592.0,-0.1584418412996495,24431.0,20566.0,-0.15820064671933198,-0.0002411945803175164,0.0002411945803175164,match
042660,한화오션,선박및보트건조업,20200507,20210707,15344.0,31066.0,1.0246997473869253,15325.0,31050.0,1.026101141924959,-0.0014013945380337844,0.0014013945380337844,match
052330,코텍,영상및음향기기제조업,20200102,20211104,12880.0,11148.0,-0.1345156993973786,12900.0,11150.0,-0.1356589147286822,0.0011432153313035986,0.0011432153313035986,match
083790,CG인바이츠,자연과학및공학연구개발업,20200102,20200305,9412.0,7910.0,-0.1596010644584917,9403.0,7903.0,-0.15952355631181536,-7.750814667634165e-05,7.750814667634165e-05,match
115160,휴맥스,영상및음향기기제조업,20200102,20200831,4989.0,4127.0,-0.1728113647937259,4991.0,4128.0,-0.17291124023241833,9.9875438692415e-05,9.9875438692415e-05,match
003240,태광산업,화학섬유제조업,20200304,20200508,811167.0,780822.0,-0.0374096423900177,810000.0,780000.0,-0.03703703703703709,-0.0003726053529806081,0.0003726053529806081,match
096770,SK이노베이션,석유정제품제조업,20200304,20200508,111078.0,96933.0,-0.1273419714716385,111186.0,97017.0,-0.1274351087367115,9.313726507298448e-05,9.313726507298448e-05,match
017800,현대엘리베이터,일반목적용기계제조업,20200304,20200508,37688.0,43745.0,0.1607175589684109,37680.0,43749.0,0.16106687898089178,-0.0003493200124808915,0.0003493200124808915,match
017800,현대엘리베이터,일반목적용기계제조업,20210104,20210309,41797.0,43287.0,0.0356555958214395,41800.0,43300.0,0.03588516746411474,-0.00022957164267524421,0.00022957164267524421,match
017800,현대엘리베이터,일반목적용기계제조업,20240305,20240508,39900.0,40502.0,0.0150818180701757,39900.0,40500.0,0.015037593984962516,4.4224085213184425e-05,4.4224085213184425e-05,match
001430,세아베스틸지주,1차철강제조업,20200304,20200508,11007.0,9926.0,-0.098186435764746,11000.0,9920.0,-0.09818181818181815,-4.617582927857189e-06,4.617582927857189e-06,match
298040,효성중공업,"전동기,발전기및전기변환ㆍ공급ㆍ제어장치제조업",20200304,20200514,19867.0,14512.0,-0.269541738478154,19850.0,14500.0,-0.2695214105793451,-2.0327898808902845e-05,2.0327898808902845e-05,match
004020,현대제철,1차철강제조업,20200304,20200508,25389.0,21282.0,-0.1617516459015771,25350.0,21250.0,-0.1617357001972387,-1.5945704338382605e-05,1.5945704338382605e-05,match
120110,코오롱인더,화학섬유제조업,20200304,20200508,34232.0,30774.0,-0.1010021472171107,34200.0,30750.0,-0.10087719298245612,-0.000124954234654584,0.000124954234654584,match
120110,코오롱인더,화학섬유제조업,20240305,20240508,36933.0,40434.0,0.0947959990631066,36950.0,40450.0,0.09472259810554795,7.340095755864473e-05,7.340095755864473e-05,match
120110,코오롱인더,화학섬유제조업,20240507,20240709,40434.0,37232.0,-0.0791931718725441,40450.0,37250.0,-0.0791100123609394,-8.315951160470236e-05,8.315951160470236e-05,match
120110,코오롱인더,화학섬유제조업,20240708,20240906,37232.0,32539.0,-0.1260448181117047,37250.0,32550.0,-0.12617449664429525,0.00012967853259054918,0.00012967853259054918,match
120110,코오롱인더,화학섬유제조업,20241112,20250115,28090.0,27340.0,-0.0267055023076713,28100.0,27350.0,-0.026690391459074703,-1.5110848596597976e-05,1.5110848596597976e-05,match
189300,인텔리안테크,통신및방송장비제조업,20200507,20200707,22122.0,23228.0,0.0499968512594404,22120.0,23230.0,0.05018083182640143,-0.000183980566961027,0.000183980566961027,match
189300,인텔리안테크,통신및방송장비제조업,20240905,20241113,48509.0,50008.0,0.03090209654795,48500.0,50000.0,0.030927835051546282,-2.5738503596283574e-05,2.5738503596283574e-05,match
012330,현대모비스,자동차신품부품제조업,20200507,20200707,175657.0,200609.0,0.1420518450476773,176000.0,201000.0,0.14204545454545459,6.390502222702876e-06,6.390502222702876e-06,match
088290,이원컴포텍,자동차신품부품제조업,20200507,20200707,7014.0,6174.0,-0.1197783012806931,7010.0,6170.0,-0.11982881597717543,5.0514696482331645e-05,5.0514696482331645e-05,match
204320,HL만도,자동차신품부품제조업,20200507,20200707,24740.0,23242.0,-0.0605552895019636,24700.0,23200.0,-0.06072874493927127,0.00017345543730767216,0.00017345543730767216,match
268600,셀리버리,자연과학및공학연구개발업,20200706,20200904,24840.0,58575.0,1.358067384137846,24809.0,58496.0,1.3578540045951066,0.00021337954273925597,0.00021337954273925597,match
293780,압타바이오,자연과학및공학연구개발업,20200706,20200904,15274.0,15175.0,-0.006445456962473,15265.0,15165.0,-0.0065509335080249365,0.00010547654555193627,0.00010547654555193627,match
010120,LS ELECTRIC,"전동기,발전기및전기변환ㆍ공급ㆍ제어장치제조업",20200706,20200904,47073.0,68985.0,0.465481731078643,47150.0,69100.0,0.4655355249204667,-5.3793841823690514e-05,5.3793841823690514e-05,match
078930,GS,기타금융업,20200706,20200904,36719.0,33420.0,-0.0898674671964206,36750.0,33450.0,-0.0897959183673469,-7.154882907368931e-05,7.154882907368931e-05,match
243070,휴온스,의약품제조업,20200706,20200904,51280.0,59303.0,0.1564580594451716,51371.0,59408.0,0.15645013723696244,7.922208209165671e-06,7.922208209165671e-06,match
243070,휴온스,의약품제조업,20200903,20201109,59303.0,49951.0,-0.1577053638491937,59408.0,50046.0,-0.15758820360894155,-0.00011716024025215654,0.00011716024025215654,match
243070,휴온스,의약품제조업,20211109,20220110,43427.0,45125.0,0.0390991394176358,43516.0,45200.0,0.038698409780310694,0.00040072963732510486,0.00040072963732510486,match
006280,녹십자,의약품제조업,20200706,20210420,151464.0,400076.0,1.6413935592495652,151500.0,400000.0,1.6402640264026402,0.0011295328469249633,0.0011295328469249633,match
128940,한미약품,의약품제조업,20200706,20200904,227143.0,278702.0,0.226990446059458,226894.0,278398.0,0.2269958659109541,-5.419851496102357e-06,5.419851496102357e-06,match
140860,파크시스템스,"측정,시험,항해,제어및기타정밀기기제조업;광학기기제외",20200706,20200904,51578.0,58167.0,0.1277494965219878,51700.0,58300.0,0.12765957446808507,8.992205390273567e-05,8.992205390273567e-05,match
071970,HD현대마린엔진,일반목적용기계제조업,20200903,20201110,4751.0,4219.0,-0.1120625750294435,4740.0,4210.0,-0.11181434599156115,-0.0002482290378823526,0.0002482290378823526,match
082740,한화엔진,일반목적용기계제조업,20200903,20201109,4034.0,3932.0,-0.0254514379133536,4033.0,3930.0,-0.025539300768658513,8.786285530491128e-05,8.786285530491128e-05,match
000100,유한양행,의약품제조업,20200903,20201109,54580.0,54427.0,-0.0028063241657818,54666.0,54498.0,-0.0030732082098562374,0.00026688404407443746,0.00026688404407443746,match
016580,환인제약,의약품제조업,20200903,20201109,16389.0,14992.0,-0.0852077580507266,16400.0,15000.0,-0.08536585365853655,0.00015809560780995213,0.00015809560780995213,match
084110,휴온스글로벌,의약품제조업,20200903,20201109,31375.0,27318.0,-0.1292983549166999,31319.0,27274.0,-0.1291548261438743,-0.00014352877282558518,0.00014352877282558518,match
005500,삼진제약,의약품제조업,20200903,20201109,31049.0,26854.0,-0.1351094997379491,31050.0,26850.0,-0.13526570048309183,0.00015620074514272053,0.00015620074514272053,match
067290,JW신약,의약품제조업,20200903,20201109,4917.0,4070.0,-0.1723276977837604,4910.0,4063.0,-0.17250509164969452,0.00017739386593412787,0.00017739386593412787,match
017960,한국카본,"구조용금속제품,탱크및증기발생기제조업",20201106,20210111,10657.0,13509.0,0.2676308080114695,10650.0,13500.0,0.267605633802817,2.5174208652500862e-05,2.5174208652500862e-05,match
017960,한국카본,"구조용금속제품,탱크및증기발생기제조업",20210706,20210906,11858.0,11103.0,-0.0636475735004896,11850.0,11100.0,-0.06329113924050633,-0.00035643425998325984,0.00035643425998325984,match
017960,한국카본,"구조용금속제품,탱크및증기발생기제조업",20240305,20240508,10244.0,11584.0,0.1308745667431066,10240.0,11580.0,0.130859375,1.5191743106601763e-05,1.5191743106601763e-05,match
017960,한국카본,"구조용금속제품,탱크및증기발생기제조업",20240507,20240709,11584.0,10702.0,-0.0761361319264178,11580.0,10700.0,-0.07599309153713296,-0.00014304038928483753,0.00014304038928483753,match
017960,한국카본,"구조용금속제품,탱크및증기발생기제조업",20240708,20240906,10702.0,10724.0,0.001984499807061,10700.0,10720.0,0.0018691588785046953,0.00011534092855630456,0.00011534092855630456,match
016710,대성홀딩스,회사본부및경영컨설팅서비스업,20201106,20210111,22640.0,27787.0,0.2273436194053955,22650.0,27800.0,0.22737306843267113,-2.9449027275640915e-05,2.9449027275640915e-05,match
016710,대성홀딩스,회사본부및경영컨설팅서비스업,20230706,20240625,14166.0,8996.0,-0.3649418934665657,14170.0,9000.0,-0.3648553281580804,-8.656530848527577e-05,8.656530848527577e-05,match
091090,세원셀론텍,"구조용금속제품,탱크및증기발생기제조업",20201106,20210126,7142.0,7630.0,0.0682784555752431,7150.0,7635.0,0.06783216783216783,0.0004462877430752715,0.0004462877430752715,match
044340,위닉스,가정용기기제조업,20201106,20210111,21568.0,23021.0,0.067363093491785,21550.0,23000.0,0.06728538283062635,7.771066115865033e-05,7.771066115865033e-05,match
028150,GS홈쇼핑,텔레비전방송업,20201106,20210111,146218.0,139565.0,-0.0455048240602881,146100.0,139500.0,-0.045174537987679675,-0.0003302860726084253,0.0003302860726084253,match
258610,케일럼,"구조용금속제품,탱크및증기발생기제조업",20201106,20210111,10032.0,9584.0,-0.04466646732812,10050.0,9600.0,-0.04477611940298509,0.00010965207486509504,0.00010965207486509504,match
003090,대웅,기타금융업,20201106,20210112,24520.0,62935.0,1.566628955491669,24500.0,62900.0,1.5673469387755103,-0.0007179832838413169,0.0007179832838413169,match
256630,포인트엔지니어링,기타금속가공제품제조업,20210104,20210311,2815.0,3090.0,0.0977402273931338,2815.0,3090.0,0.09769094138543521,4.9286007698587375e-05,4.9286007698587375e-05,match
025860,남해화학,"비료,농약및살균ㆍ살충제제조업",20210104,20210309,8440.0,8503.0,0.0074064698130924,8420.0,8480.0,0.0071258907363420665,0.00028057907675033394,0.00028057907675033394,match
064960,SNT모티브,자동차신품부품제조업,20210104,20210309,30420.0,32292.0,0.0615202278407787,30414.0,32287.0,0.06158348129151059,-6.325345073188854e-05,6.325345073188854e-05,match
294140,레몬,화학섬유제조업,20210104,20210317,20164.0,17015.0,-0.1561913743513424,20177.0,17027.0,-0.15611835257966988,-7.302177167251012e-05,7.302177167251012e-05,match
294140,레몬,화학섬유제조업,20210308,20210507,17092.0,15581.0,-0.088404464646844,17103.0,15593.0,-0.08828860433842012,-0.00011586030842387907,0.00011586030842387907,match
026890,스틱인베스트먼트,"전동기,발전기및전기변환ㆍ공급ㆍ제어장치제조업",20210104,20210309,8643.0,11056.0,0.2792023726540542,8640.0,11050.0,0.2789351851851851,0.00026718746886905675,0.00026718746886905675,match
119860,커넥트웨이브,소프트웨어개발및공급업,20210104,20210309,29852.0,32010.0,0.0722788003560095,29850.0,32000.0,0.07202680067001666,0.0002519996859928486,0.0002519996859928486,match
119860,커넥트웨이브,소프트웨어개발및공급업,20220103,20220310,25819.0,22608.0,-0.124347526158281,25800.0,22600.0,-0.12403100775193798,-0.00031651840634301653,0.00031651840634301653,match
045520,크린앤사이언스,일반목적용기계제조업,20210104,20210309,29033.0,26329.0,-0.0931426910703513,29000.0,26300.0,-0.09310344827586203,-3.9242794489260935e-05,3.9242794489260935e-05,match
073560,우리손에프앤지,"도축,육류가공및저장처리업",20210104,20210309,2098.0,2308.0,0.0998344570885942,2100.0,2310.0,0.10000000000000009,-0.00016554291140588595,0.00016554291140588595,match
004720,팜젠사이언스,의약품제조업,20210308,20210526,8482.0,10799.0,0.2731984663967008,8480.0,10800.0,0.2735849056603774,-0.00038643926367659676,0.00038643926367659676,match
086040,바이오톡스텍,자연과학및공학연구개발업,20210308,20210507,9512.0,10603.0,0.1146838540368964,9510.0,10600.0,0.11461619348054675,6.766055634965795e-05,6.766055634965795e-05,match
238090,앤디포스,플라스틱제품제조업,20210308,20210507,11194.0,14635.0,0.307323284651912,10274.0,13431.0,0.30728051391862965,4.277073328234904e-05,4.277073328234904e-05,match
003520,영진약품,의약품제조업,20210308,20210507,6097.0,6378.0,0.046060980044073,6100.0,6380.0,0.04590163934426239,0.00015934069981060617,0.00015934069981060617,match
206640,바디텍메드,의료용품및기타의약관련제품제조업,20210308,20210507,16854.0,21304.0,0.2640825592403282,16850.0,21300.0,0.26409495548961415,-1.2396249285950844e-05,1.2396249285950844e-05,match
332570,PS일렉트로닉스,전자부품제조업,20210308,20210728,10246.0,9265.0,-0.0957501164588574,10250.0,9270.0,-0.09560975609756095,-0.00014036036129645713,0.00014036036129645713,match
023900,풍국주정,알코올음료제조업,20210308,20220207,19129.0,16472.0,-0.1388816247718913,19150.0,16500.0,-0.13838120104438645,-0.0005004237275048617,0.0005004237275048617,match
032500,케이엠더블유,통신및방송장비제조업,20210506,20210707,51585.0,52685.0,0.0213345994411713,51700.0,52800.0,0.02127659574468077,5.800369649052936e-05,5.800369649052936e-05,match
051900,LG생활건강,기타화학제품제조업,20210506,20210707,1572569.0,1744260.0,0.1091783380778359,1571000.0,1743000.0,0.10948440483768307,-0.000306066759847165,0.000306066759847165,match
012510,더존비즈온,"컴퓨터프로그래밍,시스템통합및관리업",20210506,20210707,83931.0,93719.0,0.1166075971299387,83900.0,93700.0,0.11680572109654341,-0.00019812396660470744,0.00019812396660470744,match
073490,이노와이어리스,통신및방송장비제조업,20210506,20211013,44302.0,36257.0,-0.1816076924136251,44250.0,36200.0,-0.1819209039548022,0.0003132115411771108,0.0003132115411771108,match
073490,이노와이어리스,통신및방송장비제조업,20211109,20220113,38764.0,42067.0,0.0852251282153613,36850.0,42000.0,0.13975576662143818,-0.05453063840607689,0.05453063840607689,discrepancy
057050,현대홈쇼핑,무점포소매업,20210506,20210707,79197.0,90485.0,0.1425313111974828,79100.0,90400.0,0.1428571428571428,-0.00032583165965999195,0.00032583165965999195,match
009290,광동제약,의약품제조업,20210506,20211020,9052.0,7963.0,-0.1202888619687277,9060.0,7970.0,-0.12030905077262688,2.018880389917377e-05,2.018880389917377e-05,match
012750,에스원,"경비,경호및탐정업",20210506,20210707,80040.0,82469.0,0.0303498305540685,80000.0,82400.0,0.030000000000000027,0.000349830554068474,0.000349830554068474,match
012750,에스원,"경비,경호및탐정업",20210903,20211110,82585.0,82782.0,0.0023871609805761,82500.0,82700.0,0.00242424242424244,-3.7081443666339784e-05,3.7081443666339784e-05,match
012750,에스원,"경비,경호및탐정업",20240102,20240306,57883.0,57772.0,-0.0019270727427772,57900.0,57800.0,-0.0017271157167529916,-0.00019995702602420835,0.00019995702602420835,match
012750,에스원,"경비,경호및탐정업",20240507,20240709,62974.0,60869.0,-0.0334271383762841,63000.0,60900.0,-0.033333333333333326,-9.380504295077724e-05,9.380504295077724e-05,match
012750,에스원,"경비,경호및탐정업",20240708,20240906,60869.0,58592.0,-0.0374103600733807,60900.0,58600.0,-0.0377668308702791,0.00035647079689839906,0.00035647079689839906,match
137400,피엔티,특수목적용기계제조업,20210506,20211013,23085.0,35587.0,0.5415305815355338,23100.0,35600.0,0.5411255411255411,0.0004050404099926741,0.0004050404099926741,match
065950,웰크론,직물직조및직물제품제조업,20210506,20220805,4896.0,3681.0,-0.2482796459963723,4895.0,3680.0,-0.24821246169560773,-6.718430076457782e-05,6.718430076457782e-05,match
170030,현대공업,자동차신품부품제조업,20210706,20220111,9101.0,7433.0,-0.1832711525428488,9110.0,7440.0,-0.1833150384193194,4.388587647061182e-05,4.388587647061182e-05,match
005930,삼성전자,통신및방송장비제조업,20210706,20210906,80812.0,77323.0,-0.0431774836855092,80800.0,77300.0,-0.043316831683168355,0.00013934799765915468,0.00013934799765915468,match
005930,삼성전자,통신및방송장비제조업,20220509,20220711,65735.0,58825.0,-0.1051129445599845,65700.0,58800.0,-0.10502283105022836,-9.011350975614285e-05,9.011350975614285e-05,match
064260,다날,소프트웨어개발및공급업,20210706,20210906,6827.0,6489.0,-0.0495262509516521,6840.0,6500.0,-0.049707602339181256,0.0001813513875291578,0.0001813513875291578,match
064260,다날,소프트웨어개발및공급업,20230504,20230707,4224.0,3755.0,-0.1110014962530703,4230.0,3760.0,-0.11111111111111116,0.00010961485804085458,0.00010961485804085458,match
118990,모트렉스,자동차신품부품제조업,20210706,20210906,10189.0,11298.0,0.1088391768022032,10183.0,11292.0,0.10890700186585489,-6.782506365168861e-05,6.782506365168861e-05,match
018260,삼성에스디에스,"컴퓨터프로그래밍,시스템통합및관리업",20210706,20210906,187728.0,172657.0,-0.0802803776015503,187500.0,172500.0,-0.07999999999999996,-0.00028037760155033564,0.00028037760155033564,match
036030,케이티알파,상품중개업,20210903,20211119,8443.0,8082.0,-0.0426822686466691,8430.0,8070.0,-0.042704626334519546,2.2357687850443897e-05,2.2357687850443897e-05,match
093320,케이아이엔엑스,"자료처리,호스팅,포털및기타인터넷정보매개서비스업",20210903,20211110,53218.0,56107.0,0.0542685415835642,53200.0,56100.0,0.05451127819548862,-0.0002427366119244212,0.0002427366119244212,match
018000,유니슨,일반목적용기계제조업,20210903,20211110,3070.0,2703.0,-0.1195948780347996,3071.0,2703.0,-0.11983067404754155,0.00023579601274195672,0.00023579601274195672,match
024950,삼천리자전거,생활용품도매업,20210903,20211115,10842.0,9615.0,-0.113199459239612,10850.0,9620.0,-0.11336405529953919,0.00016459605992719117,0.00016459605992719117,match
246690,TS인베스트먼트,UNMAPPED_SECTOR,20210903,20211110,3387.0,2952.0,-0.1283834535579673,3390.0,2955.0,-0.12831858407079644,-6.486948717085439e-05,6.486948717085439e-05,match
001630,종근당홀딩스,의약품제조업,20210903,20211216,93944.0,74466.0,-0.2073374227379656,94000.0,74500.0,-0.20744680851063835,0.00010938577267274874,0.00010938577267274874,match
089150,케이씨티,"컴퓨터프로그래밍,시스템통합및관리업",20210903,20211228,7616.0,5836.0,-0.2336786331259845,7620.0,5840.0,-0.23359580052493434,-8.2832601050159e-05,8.2832601050159e-05,match
068330,일신바이오,일반목적용기계제조업,20211109,20220110,3167.0,3521.0,0.1115403303335065,3162.0,3515.0,0.11163820366856414,-9.787333505764662e-05,9.787333505764662e-05,match
261200,덴티스,의료용기기제조업,20211109,20220830,9412.0,8653.0,-0.080635144037078,9420.0,8660.0,-0.08067940552016983,4.42614830918342e-05,4.42614830918342e-05,match
138080,오이솔루션,통신및방송장비제조업,20211109,20220110,32523.0,32482.0,-0.0012754940892312,32500.0,32450.0,-0.0015384615384614886,0.0002629674492302886,0.0002629674492302886,match
068790,DMS,특수목적용기계제조업,20211109,20220110,6208.0,7020.0,0.1307222916918651,6200.0,7010.0,0.13064516129032255,7.713040154255779e-05,7.713040154255779e-05,match
068790,DMS,특수목적용기계제조업,20220103,20220415,7080.0,6457.0,-0.0879920831171563,7070.0,6450.0,-0.08769448373408772,-0.0002975993830685725,0.0002975993830685725,match
136480,하림,"도축,육류가공및저장처리업",20211109,20220207,2789.0,2839.0,0.0178329121740026,2785.0,2835.0,0.01795332136445249,-0.00012040919044989037,0.00012040919044989037,match
131370,알서포트,소프트웨어개발및공급업,20211109,20220110,7001.0,7550.0,0.0783579554719504,7000.0,7550.0,0.07857142857142851,-0.000213473099478112,0.000213473099478112,match
011780,금호석유화학,기초화학물질제조업,20211109,20220110,162115.0,175118.0,0.0802115551093065,162000.0,175000.0,0.08024691358024683,-3.5358470940327624e-05,3.5358470940327624e-05,match
079940,가비아,소프트웨어개발및공급업,20220103,20220329,13543.0,13142.0,-0.0296035622992385,13550.0,13150.0,-0.029520295202952074,-8.326709628642473e-05,8.326709628642473e-05,match
079940,가비아,소프트웨어개발및공급업,20221110,20230223,10396.0,13069.0,0.2571037322902836,10400.0,13070.0,0.2567307692307692,0.00037296305951439734,0.00037296305951439734,match
090850,현대이지웰,소프트웨어개발및공급업,20220103,20220310,10600.0,9999.0,-0.0567299540812049,10600.0,10000.0,-0.05660377358490565,-0.0001261804962992552,0.0001261804962992552,match
090850,현대이지웰,소프트웨어개발및공급업,20220308,20220510,9999.0,10200.0,0.0200788549919532,10000.0,10200.0,0.020000000000000018,7.885499195318252e-05,7.885499195318252e-05,match
040160,누리플렉스,소프트웨어개발및공급업,20220103,,9303.0,,-0.0882063390726788,,,,,,no_sell_date
009150,삼성전기,전자부품제조업,20220103,20220310,192015.0,157009.0,-0.1823068999685138,192000.0,157000.0,-0.18229166666666663,-1.5233301847161762e-05,1.5233301847161762e-05,match
009150,삼성전기,전자부품제조업,20220509,20220711,160516.0,134011.0,-0.1651250292825237,160500.0,134000.0,-0.1651090342679128,-1.599501461091446e-05,1.599501461091446e-05,match
214370,케어젠,기초의약물질제조업,20220103,20220407,13097.0,19222.0,0.4676348274786175,13080.0,19200.0,0.4678899082568808,-0.0002550807782633058,0.0002550807782633058,match
009470,삼화전기,전자부품제조업,20220103,20220819,30293.0,21499.0,-0.290311149277267,30300.0,21500.0,-0.2904290429042904,0.00011789362702341322,0.00011789362702341322,match
000660,SK하이닉스,반도체제조업,20220103,20220310,128577.0,120102.0,-0.0659100436264074,128500.0,120000.0,-0.06614785992217898,0.0002378162957715757,0.0002378162957715757,match
348030,모비릭스,소프트웨어개발및공급업,20220103,20220415,26659.0,18364.0,-0.3111527794209194,26700.0,18400.0,-0.31086142322097376,-0.000291356199945636,0.000291356199945636,match
335890,비올,의료용기기제조업,20220308,20220510,2471.0,2430.0,-0.016266150783347,2470.0,2430.0,-0.01619433198380571,-7.181879954128861e-05,7.181879954128861e-05,match
100120,뷰웍스,의료용기기제조업,20220308,20220510,38544.0,38688.0,0.0037310056273216,38550.0,38700.0,0.0038910505836575737,-0.00016004495633597376,0.00016004495633597376,match
100120,뷰웍스,의료용기기제조업,20220708,20230612,34637.0,33148.0,-0.0430022041812391,34650.0,33150.0,-0.04329004329004327,0.00028783910880416513,0.00028783910880416513,match
041830,인바디,의료용기기제조업,20220308,20220510,25728.0,26776.0,0.0407409950852537,25750.0,26800.0,0.040776699029126284,-3.57039438725823e-05,3.57039438725823e-05,match
041830,인바디,의료용기기제조업,20220708,20220908,23334.0,21086.0,-0.0963634324749014,23350.0,21100.0,-0.09635974304068518,-3.6894342162197002e-06,3.6894342162197002e-06,match
092730,네오팜,기타화학제품제조업,20220308,20230510,12894.0,10817.0,-0.1610992216813234,12878.0,10804.0,-0.16104985246156234,-4.936921976106401e-05,4.936921976106401e-05,match
092730,네오팜,기타화학제품제조업,20220509,20230616,12435.0,12099.0,-0.0270685654688583,12417.0,12084.0,-0.026818071998067183,-0.00025049347079111536,0.00025049347079111536,match
039860,나노엔텍,의료용기기제조업,20220308,20220510,6437.0,5914.0,-0.0812523014570134,6430.0,5910.0,-0.08087091757387244,-0.00038138388314096217,0.00038138388314096217,match
048870,시너지이노베이션,의료용기기제조업,20220308,20220510,3761.0,3901.0,0.0373607047932182,3760.0,3900.0,0.037234042553191404,0.00012666224002679666,0.00012666224002679666,match
950190,고스트스튜디오,소프트웨어개발및공급업,20220308,20220510,18959.0,17909.0,-0.0553933479903945,18950.0,17900.0,-0.0554089709762533,1.5622985858804173e-05,1.5622985858804173e-05,match
058430,포스코스틸리온,1차철강제조업,20220308,20220510,46896.0,46692.0,-0.004351787330304,46900.0,46700.0,-0.004264392324093813,-8.739500621018654e-05,8.739500621018654e-05,match
104460,디와이피엔에프,일반목적용기계제조업,20220509,20220711,35755.0,37700.0,0.0544103694352942,35750.0,37700.0,0.05454545454545445,-0.00013508511016025598,0.00013508511016025598,match
192400,쿠쿠홀딩스,기타금융업,20220509,20220721,18111.0,17111.0,-0.0552244084040304,18100.0,17100.0,-0.05524861878453036,2.4210380499954665e-05,2.4210380499954665e-05,match
192400,쿠쿠홀딩스,기타금융업,20220708,20220914,15761.0,17314.0,0.0985467191370603,15750.0,17300.0,0.09841269841269851,0.00013402072436179135,0.00013402072436179135,match
376290,씨유테크,전자부품제조업,20220509,,6610.0,,-0.0968346058677271,,,,,,no_sell_date
002020,코오롱,기타금융업,20220509,20220715,27308.0,22852.0,-0.1631788440948034,27300.0,22850.0,-0.16300366300366298,-0.00017518109114042502,0.00017518109114042502,match
015890,태경산업,기초화학물질제조업,20220509,20221013,7003.0,6452.0,-0.0786557975878012,7000.0,6450.0,-0.07857142857142863,-8.436901637257077e-05,8.436901637257077e-05,match
015890,태경산업,기초화학물질제조업,20220907,20221111,7321.0,6873.0,-0.0611864027787699,7320.0,6870.0,-0.061475409836065587,0.0002890070572956899,0.0002890070572956899,match
018290,브이티,기타화학제품제조업,20220708,20220916,5278.0,5198.0,-0.0150974483915967,5270.0,5190.0,-0.015180265654648917,8.281726305221608e-05,8.281726305221608e-05,match
018290,브이티,기타화학제품제조업,20220907,20221201,5078.0,5480.0,0.0790978353504892,5070.0,5470.0,0.07889546351084809,0.00020237183964111338,0.00020237183964111338,match
018290,브이티,기타화학제품제조업,20221110,20230111,5439.0,5380.0,-0.0107794850631662,5430.0,5370.0,-0.011049723756906049,0.0002702386937398493,0.0002702386937398493,match
007860,서연,기타금융업,20220708,20220908,7150.0,5959.0,-0.1666034948436996,7140.0,5950.0,-0.16666666666666663,6.317182296702861e-05,6.317182296702861e-05,match
214390,경보제약,기초의약물질및생물학적제제제조업,20220708,20230112,5226.0,6115.0,0.1699923154321285,5217.0,6105.0,0.17021276595744683,-0.00022045052531832754,0.00022045052531832754,match
041460,한국전자인증,소프트웨어개발및공급업,20220708,20220908,5713.0,5463.0,-0.0437634228533599,5710.0,5460.0,-0.04378283712784592,1.9414274486019567e-05,1.9414274486019567e-05,match
043150,바텍,의료용기기제조업,20220708,20220908,30013.0,34010.0,0.133173134674442,30000.0,34000.0,0.1333333333333333,-0.00016019865889130291,0.00016019865889130291,match
043150,바텍,의료용기기제조업,20221110,20230111,32716.0,32869.0,0.0046732368467503,32700.0,32850.0,0.004587155963302836,8.608088344746415e-05,8.608088344746415e-05,match
192650,드림텍,전자부품제조업,20220907,20221111,10039.0,9589.0,-0.0448494688187989,10050.0,9600.0,-0.04477611940298509,-7.334941581380733e-05,7.334941581380733e-05,match
192650,드림텍,전자부품제조업,20221110,20230111,9589.0,9379.0,-0.0219262254885167,9600.0,9390.0,-0.021874999999999978,-5.1225488516722095e-05,5.1225488516722095e-05,match
009160,SIMPAC,1차철강제조업,20220907,20221115,6200.0,6061.0,-0.022481353988072,6200.0,6060.0,-0.022580645161290325,9.929117321832645e-05,9.929117321832645e-05,match
183300,코미코,특수목적용기계제조업,20220907,20221111,45890.0,51151.0,0.114636814560552,45850.0,51100.0,0.11450381679389321,0.00013299776665878782,0.00013299776665878782,match
102710,이엔에프테크놀로지,기타화학제품제조업,20220907,20221111,27259.0,24650.0,-0.0957058029509795,27250.0,24650.0,-0.09541284403669725,-0.0002929589142822431,0.0002929589142822431,match
042510,라온시큐어,소프트웨어개발및공급업,20220907,20230905,13265.0,13238.0,-0.0019954007658796,13256.0,13231.0,-0.0018859384429692483,-0.00010946232291035151,0.00010946232291035151,match
015230,대창단조,자동차신품부품제조업,20220907,20221111,5399.0,6529.0,0.209281787031011,5390.0,6520.0,0.20964749536178107,-0.00036570833077007037,0.00036570833077007037,match
236200,슈프리마,통신및방송장비제조업,20220907,20221111,25888.0,26892.0,0.0387935165697563,25900.0,26900.0,0.03861003861003853,0.00018347795971776493,0.00018347795971776493,match
004890,동일산업,1차철강제조업,20221110,20230112,185381.0,194928.0,0.0514999101102817,185500.0,195000.0,0.05121293800539073,0.0002869721048909743,0.0002869721048909743,match
123860,아나패스,반도체제조업,20221110,20230207,24095.0,15337.0,-0.3634804059673284,24100.0,15340.0,-0.3634854771784233,5.0712110948869515e-06,5.0712110948869515e-06,match
012610,경인양행,기초화학물질제조업,20221110,20251224,4955.0,4240.0,-0.1442442413470291,4955.0,4240.0,-0.1442986881937437,5.444684671460087e-05,5.444684671460087e-05,match
022100,포스코DX,"건축기술,엔지니어링및관련기술서비스업",20221110,20230111,6389.0,6438.0,0.0076939941910136,6390.0,6440.0,0.00782472613458518,-0.0001307319435715805,0.0001307319435715805,match
101730,위메이드맥스,소프트웨어개발및공급업,20230102,20230307,9583.0,16630.0,0.7353681397147132,9590.0,16640.0,0.7351407716371221,0.00022736807759105027,0.00022736807759105027,match
101730,위메이드맥스,소프트웨어개발및공급업,20250102,20250311,7977.0,7977.0,1.3939731545731249e-05,7980.0,7980.0,0.0,1.3939731545731249e-05,1.3939731545731249e-05,match
101730,위메이드맥스,소프트웨어개발및공급업,20250512,20250718,6378.0,8098.0,0.269702883296308,6380.0,8100.0,0.2695924764890283,0.00011040680727969487,0.00011040680727969487,match
101730,위메이드맥스,소프트웨어개발및공급업,20251114,,6541.0,,-0.1055292680736565,,,,,,no_sell_date
319660,피에스케이,특수목적용기계제조업,20230102,20230307,15451.0,17650.0,0.142340145980016,15450.0,17650.0,0.14239482200647258,-5.467602645659042e-05,5.467602645659042e-05,match
319660,피에스케이,특수목적용기계제조업,20230504,20230707,20449.0,20797.0,0.0170082219772931,20450.0,20800.0,0.017114914425427896,-0.00010669244813479514,0.00010669244813479514,match
319660,피에스케이,특수목적용기계제조업,20241112,20250115,17598.0,18557.0,0.0544979984675109,17600.0,18560.0,0.05454545454545445,-4.7456077943555663e-05,4.7456077943555663e-05,match
281740,레이크머티리얼즈,기타화학제품제조업,20230102,20230307,4394.0,6358.0,0.4471314073202457,4395.0,6360.0,0.447098976109215,3.243121103069235e-05,3.243121103069235e-05,match
281740,레이크머티리얼즈,기타화학제품제조업,20230306,20230508,6358.0,16064.0,1.5264989045366677,6360.0,16070.0,1.5267295597484276,-0.00023065521175991144,0.00023065521175991144,match
281740,레이크머티리얼즈,기타화학제품제조업,20231109,20240112,11408.0,19034.0,0.6684714462232411,11410.0,19040.0,0.6687116564417177,-0.00024021021847664414,0.00024021021847664414,match
089010,켐트로닉스,기타화학제품제조업,20230102,20230307,13393.0,19223.0,0.4352661454321143,13400.0,19230.0,0.43507462686567155,0.0001915185664427277,0.0001915185664427277,match
131970,두산테스나,"그외기타전문,과학및기술서비스업",20230102,20230307,27968.0,32076.0,0.1468964037965785,27950.0,32050.0,0.1466905187835421,0.00020588501303639428,0.00020588501303639428,match
131970,두산테스나,"그외기타전문,과학및기술서비스업",20240905,20241113,28472.0,25323.0,-0.1106178399204835,28450.0,25300.0,-0.11072056239015815,0.00010272246967464593,0.00010272246967464593,match
131970,두산테스나,"그외기타전문,과학및기술서비스업",20241112,20250115,25323.0,29173.0,0.1520462067649368,25300.0,29150.0,0.15217391304347827,-0.00012770627854147287,0.00012770627854147287,match
104480,티케이케미칼,화학섬유제조업,20230102,20230307,2687.0,2932.0,0.0911929969566418,2685.0,2930.0,0.09124767225325892,-5.46752966171099e-05,5.46752966171099e-05,match
104480,티케이케미칼,화학섬유제조업,20230306,20230508,2932.0,2707.0,-0.0767961847889182,2930.0,2705.0,-0.07679180887372017,-4.375915198029379e-06,4.375915198029379e-06,match
104480,티케이케미칼,화학섬유제조업,20230504,20230707,2707.0,2126.0,-0.2144660375346063,2705.0,2125.0,-0.21441774491682075,-4.8292617785550274e-05,4.8292617785550274e-05,match
391710,코닉오토메이션,소프트웨어개발및공급업,20230102,20230307,3721.0,4471.0,0.2015939210148958,3725.0,4475.0,0.20134228187919456,0.000251639135701226,0.000251639135701226,match
094480,갤럭시아머니트리,소프트웨어개발및공급업,20230102,20230307,4177.0,7745.0,0.8542557852426091,4175.0,7740.0,0.8538922155688622,0.00036356967374695515,0.00036356967374695515,match
093370,후성,기초화학물질제조업,20230102,20230307,10494.0,13160.0,0.2541186637931871,10498.0,13165.0,0.25404839016955605,7.027362363104528e-05,7.027362363104528e-05,match
093370,후성,기초화학물질제조업,20240102,20240306,11476.0,8221.0,-0.2836670592495112,11475.0,8220.0,-0.28366013071895424,-6.928530556948864e-06,6.928530556948864e-06,match
093370,후성,기초화학물질제조업,20241112,20250115,5089.0,5020.0,-0.0136786333242243,5090.0,5020.0,-0.013752455795677854,7.382247145355444e-05,7.382247145355444e-05,match
093370,후성,기초화학물질제조업,20250102,20250311,5090.0,4445.0,-0.1268252248495964,5090.0,4445.0,-0.12671905697445973,-0.0001061678751366757,0.0001061678751366757,match
093370,후성,기초화학물질제조업,20250310,20250513,4445.0,4335.0,-0.0246556195944994,4445.0,4335.0,-0.02474690663667045,9.12870421710503e-05,9.12870421710503e-05,match
054450,텔레칩스,반도체제조업,20230102,20230307,11160.0,16068.0,0.4397647665694293,11150.0,16050.0,0.4394618834080717,0.0003028831613576255,0.0003028831613576255,match
027360,아주IB투자,UNMAPPED_SECTOR,20230306,20230508,2463.0,2214.0,-0.1012594775024408,2465.0,2215.0,-0.10141987829614607,0.00016040079370527316,0.00016040079370527316,match
027360,아주IB투자,UNMAPPED_SECTOR,20230504,20230803,2214.0,2244.0,0.0135435440318645,2215.0,2245.0,0.013544018058690765,-4.740268262654751e-07,4.740268262654751e-07,match
005390,신성통상,기타전문도매업,20230306,20230530,2340.0,2075.0,-0.113198401581788,2340.0,2075.0,-0.11324786324786329,4.946166607529279e-05,4.946166607529279e-05,match
134580,탑코미디어,통신및방송장비제조업,20230306,20230508,5980.0,5470.0,-0.0853311945122825,5980.0,5470.0,-0.0852842809364549,-4.691357582758959e-05,4.691357582758959e-05,match
251370,와이엠티,기초화학물질제조업,20230306,20240304,13260.0,11787.0,-0.1111084322788356,13280.0,11800.0,-0.11144578313253017,0.0003373508536945735,0.0003373508536945735,match
302440,SK바이오사이언스,기초의약물질및생물학적제제제조업,20230306,20230620,72141.0,81118.0,0.124439882353136,72200.0,81200.0,0.12465373961218829,-0.00021385725905229136,0.00021385725905229136,match
241710,코스메카코리아,기타화학제품제조업,20230306,20230703,9843.0,25257.0,1.5658793051098834,9840.0,25250.0,1.5660569105691056,-0.0001776054592221854,0.0001776054592221854,match
006800,미래에셋증권,UNMAPPED_SECTOR,20230306,20230508,6944.0,6923.0,-0.0030070577224694,6940.0,6920.0,-0.0028818443804035088,-0.00012521334206589112,0.00012521334206589112,match
006800,미래에셋증권,UNMAPPED_SECTOR,20230706,20230906,6950.0,6779.0,-0.0245891201372141,6950.0,6780.0,-0.024460431654676262,-0.00012868848253783788,0.00012868848253783788,match
036710,심텍홀딩스,통신및방송장비제조업,20230504,20231124,2834.0,2753.0,-0.0286475045597909,2835.0,2755.0,-0.02821869488536155,-0.0004288096744293479,0.0004288096744293479,match
372910,한컴라이프케어,의료용기기제조업,20230504,20230707,5160.0,5831.0,0.1300211157119695,5160.0,5830.0,0.1298449612403101,0.00017615447165941767,0.00017615447165941767,match
234300,에스트래픽,"컴퓨터프로그래밍,시스템통합및관리업",20230504,20240119,4206.0,3836.0,-0.0880209371227771,4205.0,3835.0,-0.08799048751486327,-3.0449607913832222e-05,3.0449607913832222e-05,match
060570,드림어스컴퍼니,"자료처리,호스팅,포털및기타인터넷정보매개서비스업",20230504,20240402,3239.0,2949.0,-0.0897212917858275,3255.0,2950.0,-0.09370199692780334,0.003980705141975849,0.003980705141975849,match
389140,포바이포,"영화,비디오물,방송프로그램제작및배급업",20230504,20230707,12105.0,10107.0,-0.1650900482994139,12102.0,10102.0,-0.1652619401751777,0.00017189187576380216,0.00017189187576380216,match
389140,포바이포,"영화,비디오물,방송프로그램제작및배급업",20230905,20240201,9351.0,10412.0,0.113407730873942,9349.0,10409.0,0.11338111027917419,2.6620594767809425e-05,2.6620594767809425e-05,match
123420,위메이드플레이,소프트웨어개발및공급업,20230504,20231107,13140.0,8963.0,-0.3178682061771565,13130.0,8960.0,-0.3175932977913176,-0.000274908385838879,0.000274908385838879,match
003100,선광,기타운송관련서비스업,20230706,20230906,20386.0,19172.0,-0.0595662688525371,20400.0,19190.0,-0.05931372549019609,-0.00025254336234101227,0.00025254336234101227,match
080000,에스엔유,특수목적용기계제조업,20230706,,3495.0,,-0.1096875029491346,,,,,,no_sell_date
093520,매커스,기계장비및관련물품도매업,20230706,20240607,13559.0,11605.0,-0.1441027695225856,13570.0,11610.0,-0.14443625644804714,0.0003334869254615347,0.0003334869254615347,match
036200,유니셈,특수목적용기계제조업,20230706,20240607,8210.0,10301.0,0.2547501743123168,8210.0,10300.0,0.2545676004872106,0.00018257382510616926,0.00018257382510616926,match
140070,서플러스글로벌,기계장비및관련물품도매업,20230706,20230906,4048.0,3928.0,-0.0295135981819055,4050.0,3930.0,-0.029629629629629672,0.00011603144772417279,0.00011603144772417279,match
396300,세아메카닉스,기타금속가공제품제조업,20230706,20230906,5433.0,4576.0,-0.1577319029397069,5430.0,4575.0,-0.1574585635359116,-0.0002733394037953141,0.0002733394037953141,match
348210,넥스틴,특수목적용기계제조업,20230706,20230906,71498.0,82472.0,0.1534915972830064,71500.0,82500.0,0.15384615384615374,-0.0003545565631473402,0.0003545565631473402,match
214270,FSN,소프트웨어개발및공급업,20230706,,3586.0,,0.0385656826482001,,,,,,no_sell_date
377300,카카오페이,금융지원서비스업,20230905,20231110,45583.0,40638.0,-0.1084851084970581,45600.0,40650.0,-0.10855263157894735,6.752308188924527e-05,6.752308188924527e-05,match
272110,케이엔제이,반도체제조업,20230905,20231110,20958.0,16762.0,-0.2001754960753751,20950.0,16760.0,-0.19999999999999996,-0.00017549607537514778,0.00017549607537514778,match
067000,조이시티,소프트웨어개발및공급업,20230905,20231110,2970.0,2790.0,-0.0606143380833564,2970.0,2790.0,-0.06060606060606055,-8.277477295849656e-06,8.277477295849656e-06,match
101490,에스앤에스텍,전자부품제조업,20230905,20231110,48815.0,45865.0,-0.0604306026095206,48800.0,45850.0,-0.06045081967213117,2.0217062610572434e-05,2.0217062610572434e-05,match
101490,에스앤에스텍,전자부품제조업,20240905,20241113,23259.0,20357.0,-0.1247690689112169,23250.0,20350.0,-0.12473118279569895,-3.7886115517957175e-05,3.7886115517957175e-05,match
101490,에스앤에스텍,전자부품제조업,20241112,20250115,20357.0,29202.0,0.4345137882394352,20350.0,29200.0,0.434889434889435,-0.0003756466499997835,0.0003756466499997835,match
017550,수산세보틱스,특수목적용기계제조업,20230905,20240625,2409.0,2045.0,-0.15107417374332,2410.0,2045.0,-0.15145228215767637,0.00037810841435637066,0.00037810841435637066,match
073570,리튬포어스,그외기타제품제조업,20230905,20231110,13566.0,8032.0,-0.4079537556983774,13560.0,8030.0,-0.4078171091445427,-0.00013664655383466284,0.00013664655383466284,match
007810,코리아써키트,전자부품제조업,20230905,20231110,16500.0,14521.0,-0.1199404375926307,16500.0,14520.0,-0.12,5.9562407369290193e-05,5.9562407369290193e-05,match
403870,HPSP,특수목적용기계제조업,20230905,20231110,34106.0,38203.0,0.120150677985108,34100.0,38200.0,0.12023460410557174,-8.392612046373427e-05,8.392612046373427e-05,match
162300,신스틸,1차철강제조업,20231109,20240530,2776.0,3421.0,0.2322874650506285,2775.0,3420.0,0.2324324324324325,-0.00014496738180400093,0.00014496738180400093,match
011500,한농화성,기타화학제품제조업,20231109,20240112,11134.0,16540.0,0.4855840275508438,11140.0,16550.0,0.48563734290843796,-5.331535759417472e-05,5.331535759417472e-05,match
045970,코아시아,반도체제조업,20231109,20240112,6378.0,7009.0,0.0988620952609165,6380.0,7010.0,0.0987460815047021,0.0001160137562143948,0.0001160137562143948,match
383310,에코프로에이치엔,기타화학제품제조업,20231109,20240112,56258.0,61660.0,0.0960159072048032,56288.0,61711.0,0.09634380329732806,-0.00032789609252485696,0.00032789609252485696,match
024850,HLB이노베이션,전자부품제조업,20231109,20240112,2413.0,2782.0,0.1529569504253074,2415.0,2785.0,0.15320910973084878,-0.0002521593055413718,0.0002521593055413718,match
340930,유일에너테크,특수목적용기계제조업,20231109,20240116,2297.0,2389.0,0.0402343810031768,2297.0,2389.0,0.04005224205485414,0.0001821389483226618,0.0001821389483226618,match
107600,새빗켐,기타화학제품제조업,20231109,20240112,60552.0,65742.0,0.0857186010644022,60500.0,65700.0,0.08595041322314056,-0.00023181215873836758,0.00023181215873836758,match
418550,제이오,"건축기술,엔지니어링및관련기술서비스업",20231109,20240112,22118.0,25813.0,0.1670535651533788,22150.0,25850.0,0.16704288939051914,1.0675762859652105e-05,1.0675762859652105e-05,match
002900,TYM,특수목적용기계제조업,20231109,20240112,5138.0,6218.0,0.2101230152799764,5140.0,6220.0,0.21011673151750965,6.2837624667522185e-06,6.2837624667522185e-06,match
111770,영원무역,상품종합도매업,20240102,20240306,43993.0,43048.0,-0.0214881429070058,44000.0,43050.0,-0.021590909090909105,0.00010276618390330644,0.00010276618390330644,match
111770,영원무역,상품종합도매업,20240305,20240508,43048.0,38443.0,-0.1069628758835433,43050.0,38450.0,-0.10685249709639955,-0.00011037878714376115,0.00011037878714376115,match
111770,영원무역,상품종합도매업,20240507,20240709,38443.0,37600.0,-0.0219499614016061,38450.0,37600.0,-0.022106631989596837,0.00015667058799073708,0.00015667058799073708,match
285130,SK케미칼,합성고무및플라스틱물질제조업,20240102,20240306,71487.0,69382.0,-0.029444516491655,71500.0,69400.0,-0.029370629370629397,-7.388712102560091e-05,7.388712102560091e-05,match
285130,SK케미칼,합성고무및플라스틱물질제조업,20240507,20240709,59083.0,48426.0,-0.180372241645348,59100.0,48450.0,-0.18020304568527923,-0.00016919596006878534,0.00016919596006878534,match
285130,SK케미칼,합성고무및플라스틱물질제조업,20250310,20250513,41777.0,50283.0,0.2036228304503091,41800.0,50300.0,0.20334928229665072,0.00027354815365837615,0.00027354815365837615,match
251970,펌텍코리아,플라스틱제품제조업,20240102,20240306,24233.0,24029.0,-0.0083941095748573,24200.0,24000.0,-0.008264462809917328,-0.00012964676493997136,0.00012964676493997136,match
051600,한전KPS,전기및통신공사업,20240102,20240306,33406.0,38357.0,0.1482173242116762,33450.0,38400.0,0.14798206278026904,0.00023526143140714662,0.00023526143140714662,match
300720,한일시멘트,"시멘트,석회,플라스터및그제품제조업",20240305,20240508,12073.0,12872.0,0.0661965617241677,12070.0,12870.0,0.06628003314001663,-8.347141584892637e-05,8.347141584892637e-05,match
005250,녹십자홀딩스,회사본부및경영컨설팅서비스업,20240305,20240508,17163.0,15885.0,-0.0744623149399836,17170.0,15890.0,-0.07454863133372158,8.631639373797573e-05,8.631639373797573e-05,match
005250,녹십자홀딩스,회사본부및경영컨설팅서비스업,20250310,20250513,13753.0,13694.0,-0.0042865716721373,13750.0,13690.0,-0.004363636363636347,7.706469149904721e-05,7.706469149904721e-05,match
007070,GS리테일,종합소매업,20240507,20240709,17488.0,17444.0,-0.0025172433223287,17490.0,17447.0,-0.002458547741566619,-5.869558076208089e-05,5.869558076208089e-05,match
007070,GS리테일,종합소매업,20250512,20250714,14173.0,18261.0,0.2883674684911257,14170.0,18260.0,0.28863796753705007,-0.00027049904592435503,0.00027049904592435503,match
005300,롯데칠성,비알코올음료및얼음제조업,20240708,20240906,128225.0,128420.0,0.0015230932548868,128200.0,128400.0,0.0015600624024960652,-3.696914760926528e-05,3.696914760926528e-05,match
023530,롯데쇼핑,종합소매업,20240708,20240906,62599.0,62699.0,0.0015934617703881,62600.0,62700.0,0.0015974440894568342,-3.982319068734355e-06,3.982319068734355e-06,match
375500,DL이앤씨,토목건설업,20240708,20240906,32225.0,30167.0,-0.0638676932129911,32200.0,30150.0,-0.0636645962732919,-0.0002030969396991933,0.0002030969396991933,match
375500,DL이앤씨,토목건설업,20250512,20250714,44523.0,49170.0,0.1043744980411076,44500.0,49150.0,0.10449438202247197,-0.00011988398136436595,0.00011988398136436595,match
069960,현대백화점,종합소매업,20240708,20240906,47850.0,47851.0,3.371190796563894e-05,47850.0,47850.0,0.0,3.371190796563894e-05,3.371190796563894e-05,match
108490,로보티즈,특수목적용기계제조업,20240905,20241113,17303.0,16453.0,-0.0491090918988478,17304.0,16457.0,-0.04894822006472488,-0.00016087183412292344,0.00016087183412292344,match
214430,아이쓰리시스템,전자부품제조업,20240905,20241113,30415.0,38655.0,0.270930985596822,30400.0,38650.0,0.27138157894736836,-0.00045059335054636884,0.00045059335054636884,match
357780,솔브레인,기타화학제품제조업,20240905,20241113,215456.0,187759.0,-0.1285489193992586,215500.0,187800.0,-0.12853828306264503,-1.0636336613578656e-05,1.0636336613578656e-05,match
222800,심텍,전자부품제조업,20240905,20241113,17586.0,12655.0,-0.2804158548697797,17580.0,12650.0,-0.2804323094425484,1.645457276866491e-05,1.645457276866491e-05,match
222800,심텍,전자부품제조업,20241112,20250115,12655.0,11630.0,-0.0809584769369647,12650.0,11630.0,-0.08063241106719365,-0.00032606586977104723,0.00032606586977104723,match
222800,심텍,전자부품제조업,20250102,20250311,11202.0,18602.0,0.6605602003224169,11200.0,18600.0,0.6607142857142858,-0.0001540853918688967,0.0001540853918688967,match
330860,네패스아크,"그외기타전문,과학및기술서비스업",20240905,20241113,12841.0,10840.0,-0.1558298207847969,12840.0,10840.0,-0.15576323987538943,-6.658090940747652e-05,6.658090940747652e-05,match
218410,RFHIC,통신및방송장비제조업,20240905,20241113,11146.0,13829.0,0.2407777119752274,11140.0,13820.0,0.2405745062836624,0.00020320569156501156,0.00020320569156501156,match
166090,하나머티리얼즈,반도체제조업,20241112,20250115,25154.0,26659.0,0.0598360698002504,25150.0,26650.0,0.05964214711729632,0.00019392268295408133,0.00019392268295408133,match
166090,하나머티리얼즈,반도체제조업,20250102,20250311,24206.0,29461.0,0.2170599444834271,24200.0,29450.0,0.2169421487603307,0.00011779572309641995,0.00011779572309641995,match
004490,세방전지,일차전지및축전지제조업,20241112,20250115,67404.0,82233.0,0.2200063847725071,67400.0,82200.0,0.21958456973293772,0.00042181503956939537,0.00042181503956939537,match
272290,이녹스첨단소재,전자부품제조업,20241112,20250115,21253.0,26249.0,0.2350875550583553,21250.0,26250.0,0.23529411764705888,-0.00020656258870357935,0.00020656258870357935,match
272290,이녹스첨단소재,전자부품제조업,20250102,20250311,20648.0,25548.0,0.2372746608363529,20650.0,25550.0,0.23728813559322037,-1.3474756867470905e-05,1.3474756867470905e-05,match
272290,이녹스첨단소재,전자부품제조업,20251114,,23889.0,,0.0023203279240953,,,,,,no_sell_date
005420,코스모화학,기타화학제품제조업,20250102,20250311,16721.0,18389.0,0.0997854742685082,16720.0,18390.0,0.09988038277511957,-9.490850661136863e-05,9.490850661136863e-05,match
005420,코스모화학,기타화학제품제조업,20250910,20251117,16048.0,18079.0,0.1265696028997447,16050.0,18080.0,0.12647975077881624,8.985212092846306e-05,8.985212092846306e-05,match
029780,삼성카드,기타금융업,20250102,20250311,38395.0,42689.0,0.1118324032668094,38400.0,42700.0,0.11197916666666674,-0.00014676339985733589,0.00014676339985733589,match
029780,삼성카드,기타금융업,20250310,20250626,42689.0,49239.0,0.1534384303874512,42700.0,49250.0,0.1533957845433256,4.2645844125610566e-05,4.2645844125610566e-05,match
029780,삼성카드,기타금융업,20250711,20250911,58389.0,53704.0,-0.0802244225876454,58400.0,53700.0,-0.08047945205479456,0.0002550294671491704,0.0002550294671491704,match
029780,삼성카드,기타금융업,20250910,20251117,53704.0,53597.0,-0.0019963421336005,53700.0,53600.0,-0.0018621973929237035,-0.00013414474067679647,0.00013414474067679647,match
222080,씨아이에스,특수목적용기계제조업,20250310,20250513,7351.0,7311.0,-0.0054556604718472,7350.0,7310.0,-0.0054421768707483276,-1.3483601098872831e-05,1.3483601098872831e-05,match
009970,영원무역홀딩스,기타금융업,20250512,,105329.0,,0.3688576994169659,,,,,,no_sell_date
137310,에스디바이오센서,의료용기기제조업,20250512,20250714,9503.0,10325.0,0.0864589928472119,9500.0,10320.0,0.08631578947368412,0.00014320337352777268,0.00014320337352777268,match
417200,LS머트리얼즈,전자부품제조업,20250711,20250911,10652.0,10225.0,-0.0400877130215021,10660.0,10230.0,-0.040337711069418414,0.0002499980479163111,0.0002499980479163111,match
417200,LS머트리얼즈,전자부품제조업,20250910,20251117,10225.0,12246.0,0.197631202502404,10230.0,12250.0,0.1974584555229717,0.00017274697943231443,0.00017274697943231443,match
253590,네오셈,특수목적용기계제조업,20250711,20250911,8709.0,9238.0,0.0608003138182056,8710.0,9240.0,0.06084959816303104,-4.92843448254357e-05,4.92843448254357e-05,match
002840,미원상사,기타화학제품제조업,20250910,,154951.0,,-0.0397129444605381,,,,,,no_sell_date
055550,신한지주,기타금융업,20251114,,78210.0,,-0.0049798341391029,,,,,,no_sell_date
