date,year,portfolio_return,portfolio_return_gross,benchmark_return,alpha,transaction_cost,turnover,cash_drag_pct,sl_triggered_rate,ic_spearman,q1_ret,q2_ret,q3_ret,q4_ret,q5_ret,q_monotonic,top_decile_return,bottom_decile_return,long_short_return,portfolio_return_tuned,turnover_tuned,transaction_cost_tuned,top_sector,top_sector_weight,sector_hhi,top_picks,train_period,test_year
20170102,2017,0.05559547759036931,0.05612353936004915,0.03122599477646326,0.02436948281390605,0.0005,1.0,0.00702349999999996,0.0,0.08355041475731058,-0.07690793706816859,-0.004313950591639997,-0.03893594797844956,-0.01425383211578736,-0.018774121529250613,0,0.003260307442474453,-0.08302802507681238,0.08628833251928683,0.05559547759036931,1.0,0.0005,1차철강제조업,0.2,0.16000000000000006,000700(유수홀딩스):+11.4% | 002795(아모레퍼시픽홀딩스우):+7.1% | 138690(엘아이에스):-5.8% | 117670(알파칩스):-1.2% | 003090(대웅):+2.4% | 114120(크루셜텍):+1.8% | 085310(엔케이):-1.0% | 005160(동국산업):-7.2% | 020150(롯데에너지머티리얼즈):+13.1% | 100090(SK오션플랜트):+35.7%,2015-2016,2017
20170202,2017,0.059194349073746544,0.06142333808372225,0.007151104324183422,0.05204324474956312,0.0021,0.7,0.005954000000000015,0.0,0.10898141201776904,-0.00023982811265672765,0.005763454146667721,0.008567083102953801,0.010927918313296873,0.022605151370126343,1,0.02742644401210246,0.01291542781167428,0.014511016200428179,0.04233770474272447,0.5,0.0015,특수목적용기계제조업,0.2,0.12000000000000002,115960(연우):-7.2% | 092040(아미코젠):-2.3% | 138690(엘아이에스):+13.6% | 900270(헝셩그룹):+38.4% | 100090(SK오션플랜트):+2.5% | 052400(코나아이):-0.0% | 002795(아모레퍼시픽홀딩스우):-0.4% | 001570(금양):+2.9% | 082270(젬백스):-2.0% | 095270(웨이브일렉트로):+16.1%,2015-2016,2017
20170306,2017,0.12245218548372172,0.12515255160757974,0.03886690580969643,0.08358527967402529,0.0024000000000000002,0.8,0.004049999999999998,0.0,0.05907087816484686,0.026583964696413186,0.04796287186546441,0.06774524460222794,0.05009642734572608,0.04705886664582343,0,0.04950971478707251,0.0061477501231136595,0.04336196466395885,0.03492760457284749,0.8,0.0024000000000000002,UNMAPPED_SECTOR,0.1,0.10000000000000003,950140(잉글우드랩):-0.6% | 141080(리가켐바이오):+13.8% | 101490(에스앤에스텍):+2.5% | 084110(휴온스글로벌):+6.2% | 085310(엔케이):-14.1% | 228340(동양파일):+8.6% | 029460(케이씨):-2.5% | 060570(드림어스컴퍼니):+79.6% | 082270(젬백스):+17.1% | 052400(코나아이):+14.9%,2015-2016,2017
20170404,2017,-0.01031570748196775,-0.007934750884089526,0.06742132991599026,-0.07773703739795801,0.0024000000000000002,0.8,0.00519499999999995,0.0,0.0574630739719336,-0.004023369664632037,0.036725795916169514,0.017529097353590883,0.02896747208922693,0.03042219180339165,0,0.02635206877973813,-0.035885966656347724,0.06223803543608586,-0.01829554631263297,0.8,0.0024000000000000002,소프트웨어개발및공급업,0.2,0.14,015860(일진홀딩스):-1.0% | 000230(일동홀딩스):-3.7% | 205500(넥써쓰):+7.1% | 042040(케이피엠테크):+3.1% | 052400(코나아이):-13.4% | 02826K(삼성물산우B):+4.8% | 001570(금양):-0.2% | 190510(나무가):-7.6% | 114570(지스마트글로벌):+5.9% | 101490(에스앤에스텍):-2.8%,2015-2016,2017
20170508,2017,-0.0023191185522738467,-0.00021957966958001661,0.021309944640832246,-0.023629063193106092,0.0021,0.7,0.007292999999999994,0.0,0.052973175799437354,0.02400396777292088,0.0608458436714571,0.031109385158965677,0.050318159287961704,0.04618770009244163,0,0.029334927844860165,0.03229256165241566,-0.002957633807555496,0.005673120096574724,0.8,0.0024000000000000002,의약품제조업,0.3,0.16000000000000003,000230(일동홀딩스):-17.4% | 053030(바이넥스):-12.7% | 054670(대한뉴팜):-0.6% | 015860(일진홀딩스):+21.7% | 053590(한국테크놀로지):-6.4% | 032850(비트컴퓨터):+9.1% | 190510(나무가):+1.8% | 064240(홈캐스트):+7.4% | 109960(앱토크롬):-6.8% | 072020(중앙백신):+3.8%,2015-2016,2017
20170608,2017,-0.06280195215519802,-0.06082969451367669,0.01440000000000019,-0.0772019521551982,0.0021,0.7,0.005262499999999948,0.0,-0.00812806450195146,-0.024935498967845936,-0.031984674258632835,-0.02387163149911633,-0.047513085129566424,-0.0327670042588919,0,-0.04073181398595431,-0.033593539181302784,-0.007138274804651526,-0.06581590640128832,0.7,0.0021,전자부품제조업,0.3,0.16000000000000003,053590(한국테크놀로지):+8.1% | 096640(멜파스):-1.9% | 190510(나무가):-10.4% | 950140(잉글우드랩):-8.5% | 061970(LB세미콘):-1.2% | 011150(CJ씨푸드):-8.5% | 114120(크루셜텍):-23.4% | 002240(고려제강):-2.8% | 109960(앱토크롬):-10.2% | 016090(대현):-2.5%,2015-2016,2017
20170707,2017,0.13153865936023146,0.13391989113160785,0.010622545548187645,0.12091611381204381,0.0021,0.7,0.0066070000000000295,0.0,0.0537234897533356,-0.010688704811812576,-0.010556276154635556,0.0023352611639815874,-0.002950953211462073,0.005079594487488856,0,0.02412409229677539,-0.023824908451341643,0.04794900074811703,0.11968604935569305,0.6,0.0018,전자부품제조업,0.2,0.12000000000000002,006390(한일현대시멘트):-0.9% | 096640(멜파스):-9.5% | 002240(고려제강):+3.3% | 065060(지엔코):-1.1% | 168330(내츄럴엔도텍):+126.7% | 001250(GS글로벌):-1.9% | 114120(크루셜텍):-2.5% | 017040(광명전기):-6.9% | 006910(보성파워텍):+8.8% | 006380(카프로):+18.7%,2015-2016,2017
20170807,2017,0.060305095570283296,0.06285594984992308,-0.03433558415084714,0.09464067972113044,0.0024000000000000002,0.8,0.004873499999999975,0.0,0.013958146963079539,-0.012697500506805445,0.016282458318227278,0.020144311760723094,0.014815490110461457,-0.005175991666625141,0,0.0017081400312563,-0.0002799920355514432,0.001988132066807743,0.0851846947499264,0.8,0.0024000000000000002,전자부품제조업,0.3,0.18000000000000005,190510(나무가):-1.3% | 067000(조이시티):-1.4% | 096630(에스코넥):+7.1% | 089140(넥스턴앤롤코리아):-15.7% | 193250(링크드):-6.1% | 082270(젬백스):+81.5% | 017040(광명전기):+1.2% | 008600(윌비스):-0.9% | 114120(크루셜텍):-1.4% | 018310(삼목에스폼):+0.4%,2015-2016,2017
20170906,2017,-0.03461834074615033,-0.032877520282659146,0.07972161752094475,-0.11433995826709509,0.0018,0.6,0.003359000000000001,0.0,0.20670325291998715,-0.07568335171932977,-0.05315687043631238,-0.027715296668225812,-0.02824303672130511,-0.01939217170986643,0,-0.024467957543631052,-0.08446057532596761,0.059992617782336555,-0.03815205443218106,0.6,0.0018,의약품제조업,0.2,0.16000000000000006,089140(넥스턴앤롤코리아):-0.4% | 067000(조이시티):-10.4% | 011000(진원생명과학):+5.0% | 114120(크루셜텍):-13.2% | 149940(모다):+7.2% | 193250(링크드):+6.4% | 215790(이노인스트루먼트):+13.1% | 099190(아이센스):-8.3% | 011370(서한):-13.5% | 053030(바이넥스):-19.0%,2015-2016,2017
20171013,2017,0.186889840318905,0.19010311873950178,0.02132274324117911,0.16556709707772588,0.0027,0.9,0.0064990000000000325,0.0,0.004291122395853741,0.1226871461594598,0.101634820763597,0.11921031741310913,0.09661181629774825,0.11999420683852072,0,0.12743031838746982,0.09969599165207013,0.02773432673539969,0.1749796393655101,0.7,0.0021,의약품제조업,0.2,0.12000000000000002,001200(유진투자증권):+0.8% | 166480(코아스템켐온):+36.8% | 064550(바이오니아):+66.7% | 064090(인크레더블버즈):+42.3% | 161580(필옵틱스):+19.2% | 237690(에스티팜):+11.5% | 111110(호전실업):+13.9% | 035080(그래디언트):+8.0% | 123410(코리아에프티):+13.5% | 114120(크루셜텍):-21.4%,2015-2016,2017
20171113,2017,0.026581617202182883,0.029360891609528685,-0.03068824215595367,0.057269859358136554,0.0027,0.9,0.0028084999999999916,0.0,-0.010435615279661801,0.03530013475573931,0.03051122315769489,0.032847901520682204,0.023468450195036336,0.009873620187489196,0,0.023335878347108742,0.06478004525299984,-0.041444166905891096,0.059284286342222714,0.8,0.0024000000000000002,UNMAPPED_SECTOR,0.3,0.16000000000000003,001200(유진투자증권):+14.6% | 114810(한솔아이원스):-3.2% | 040610(SG&G):+5.8% | 021320(KCC건설):-13.1% | 131370(알서포트):+22.6% | 003470(유안타증권):+13.5% | 002210(동성제약):-15.0% | 005160(동국산업):+1.0% | 003530(한화투자증권):+3.2% | 092600(앤씨앤):-0.2%,2015-2016,2017
20171212,2017,0.032160186253779255,0.03495456357543301,0.01024470021908841,0.021915486034690845,0.0027,0.9,0.006649499999999975,0.0,-0.04192235928939441,0.08188207554557878,0.09106963762375953,0.059517066243144436,0.07960378554060744,0.042122322841821096,0,0.04979170238369712,0.09089002867555229,-0.04109832629185517,0.041504926879529114,0.8,0.0024000000000000002,통신및방송장비제조업,0.2,0.12000000000000002,088130(동아엘텍):+0.4% | 060240(스타코링크):+3.2% | 215790(이노인스트루먼트):+10.8% | 114120(크루셜텍):-2.8% | 084870(TBH글로벌):-1.6% | 093920(서원인텍):-9.2% | 950130(엑세스바이오):+7.3% | 021320(KCC건설):+9.0% | 081660(미스토홀딩스):+1.5% | 206560(덱스터):+16.4%,2015-2016,2017
20180102,2018,0.07878116456925488,0.07932082498174566,0.02263803680981602,0.05614312775943886,0.0005,1.0,0.0018820000000000503,0.0,0.1676294910037306,0.051177661593989995,0.09457913148093952,0.11483820195212224,0.11758469881251572,0.11982988415125173,1,0.10788564208522958,0.026469677147349536,0.08141596493788004,0.07878116456925488,1.0,0.0005,특수목적용기계제조업,0.2,0.12000000000000002,036200(유니셈):+15.9% | 122350(삼기):+1.2% | 100700(세운메디칼):+41.2% | 036540(SFA반도체):+8.2% | 065130(탑엔지니어링):-7.4% | 032620(유비케어):+5.5% | 000540(흥국화재):+18.8% | 035150(백산):+0.8% | 016090(대현):-5.5% | 065510(휴비츠):+0.7%,2016-2017,2018
20180131,2018,-0.0532421937022014,-0.050679027075304736,-0.06875037494750735,0.015508181245305952,0.0027,0.9,0.004719000000000029,0.0,0.07855456789043795,-0.07023414789013491,-0.0788082199235519,-0.06264788259100816,-0.07333985175239344,-0.05808367608356402,0,-0.06832354849395253,-0.08115065176468364,0.01282710327073111,-0.0479004803180918,0.8,0.0024000000000000002,반도체제조업,0.2,0.14,065130(탑엔지니어링):+2.8% | 099440(스맥):-9.1% | 067310(하나마이크론):-3.9% | 037950(엘컴텍):+4.2% | 004150(한솔홀딩스):-0.9% | 052770(아이톡시):-16.0% | 061250(화일약품):+8.1% | 171090(선익시스템):-20.4% | 000390(삼화페인트):-10.8% | 072020(중앙백신):-5.0%,2016-2017,2018
20180306,2018,-0.019947511617499747,-0.01729420597362854,-0.0061843715776588315,-0.013763140039840915,0.0027,0.9,0.004118500000000025,0.0,-0.018529351690240798,0.06023559895068376,0.04392035515847218,-0.0033630081811308428,0.022020640415896645,0.023311986890399018,0,0.0276156896396631,0.055591956110075724,-0.027976266470412625,0.0071413247431351135,0.9,0.0027,의약품제조업,0.2,0.14,108860(셀바스AI):+29.7% | 012790(신일제약):+14.5% | 088130(동아엘텍):-7.1% | 089470(HDC현대EP):-3.1% | 009290(광동제약):-2.6% | 005160(동국산업):-35.1% | 040910(아이씨디):-6.5% | 072020(중앙백신):+5.9% | 084690(대상홀딩스):-12.5% | 122350(삼기):-0.4%,2016-2017,2018
20180404,2018,0.047840954501413346,0.05036182287631647,0.02660919167692999,0.021231762824483358,0.0024000000000000002,0.8,0.003955000000000042,0.0,0.13515143135480717,-0.006932023983664135,-0.0028433875853733546,0.02931987296196481,-0.004978187055172735,0.02695733734585695,0,0.025101627201377343,-0.04621143708576313,0.07131306428714047,0.028669511889173327,0.8,0.0024000000000000002,UNMAPPED_SECTOR,0.2,0.14,205100(엑셈):+1.6% | 264900(크라운제과):+11.2% | 131370(알서포트):+3.5% | 086980(쇼박스):-14.3% | 009290(광동제약):-0.9% | 005950(이수화학):+9.5% | 175330(JB금융지주):+2.3% | 072020(중앙백신):+38.5% | 085620(미래에셋생명):+7.2% | 109960(앱토크롬):-7.7%,2016-2017,2018
20180504,2018,0.060487260202108484,0.06303855272865726,0.0029044988161011087,0.057582761386007375,0.0024000000000000002,0.8,0.003013999999999961,0.0,-0.001306573420007541,0.017081176725440267,0.010043033542247722,0.011025804994739045,0.0014144882232252787,0.04499528218327918,0,0.04290994308067048,0.018613329398922,0.024296613681748482,0.034182191703879594,0.8,0.0024000000000000002,소프트웨어개발및공급업,0.3,0.16000000000000003,012610(경인양행):+36.0% | 228340(동양파일):+3.3% | 008260(NI스틸):+42.7% | 003160(디아이):-2.1% | 131370(알서포트):-6.9% | 205100(엑셈):-0.0% | 122350(삼기):-6.8% | 099440(스맥):+2.0% | 092070(디엔에프):+3.1% | 053300(한국정보인증):-8.1%,2016-2017,2018
20180607,2018,0.00403935463744709,0.006454846268491495,-0.07073378033808675,0.07477313497553384,0.0024000000000000002,0.8,0.0023530000000000495,0.0,0.16103418213910822,-0.08714780826380845,-0.08106348909834918,-0.11028600584195321,-0.06188002288408422,-0.058133838621713944,0,-0.061444669009181704,-0.12159152983718567,0.06014686082800397,-0.004214291442361517,0.7,0.0021,UNMAPPED_SECTOR,0.2,0.14,036540(SFA반도체):-6.8% | 123890(한국자산신탁):-2.0% | 131370(알서포트):+4.7% | 009310(참엔지니어링):-1.9% | 061250(화일약품):-1.1% | 175330(JB금융지주):-8.5% | 008260(NI스틸):+43.7% | 047770(코데즈컴바인):-14.8% | 042510(라온시큐어):+2.9% | 054620(APS):-9.6%,2016-2017,2018
20180709,2018,0.0348403031811797,0.03764193640948535,0.006707317073170849,0.02813298610800885,0.0027,0.9,0.0034284999999999455,0.0,0.13959174080787437,-0.032293989063007525,-0.02042359993808228,0.0068834837999386935,-0.003643429712389751,-0.007378507667414664,0,-0.005318173842001271,-0.01734318947576257,0.0120250156337613,0.03753122602857273,0.9,0.0027,기초의약물질및생물학적제제제조업,0.2,0.14,175330(JB금융지주):+10.9% | 078070(유비쿼스홀딩스):+33.2% | 232140(와이씨):+11.8% | 007810(코리아써키트):+2.8% | 078150(HB테크놀러지):+9.6% | 053300(한국정보인증):-23.1% | 187420(HLB제넥스):-2.3% | 001340(PKC):-1.1% | 214390(경보제약):-4.0% | 017180(명문제약):-0.0%,2016-2017,2018
20180807,2018,0.04059909072453727,0.043102536812888066,-0.009758395585167334,0.0503574863097046,0.0024000000000000002,0.8,0.0036215000000000552,0.0,-0.061286663814615804,0.022939603925068584,0.03055545385711897,0.03431028172586985,0.0018858810253596793,0.008343803598956152,0,0.027247687131582345,0.030027848790908505,-0.0027801616593261594,0.006983086129003446,0.8,0.0024000000000000002,기초의약물질및생물학적제제제조업,0.1,0.10000000000000003,005720(넥센):-6.9% | 187420(HLB제넥스):+14.5% | 001380(SG글로벌):+16.1% | 001340(PKC):-3.7% | 009290(광동제약):+1.6% | 206650(유바이오로직스):+4.7% | 215790(이노인스트루먼트):-1.4% | 041460(한국전자인증):+2.5% | 023600(삼보판지):+12.5% | 004440(삼일씨엔에스):+3.3%,2016-2017,2018
20180906,2018,-0.07081606612362323,-0.06858065970691986,-0.050666032350142665,-0.02015003377348057,0.0024000000000000002,0.8,0.0026840000000000197,0.0,0.1744511052211991,-0.13596196811525457,-0.0786199079868364,-0.11849853871898032,-0.08718951430787598,-0.07895944590949368,0,-0.07253466254384508,-0.16558873493791224,0.09305407239406716,-0.07109549192571119,0.9,0.0027,소프트웨어개발및공급업,0.2,0.16000000000000006,252500(세화피앤씨):+6.9% | 101330(모베이스):+18.6% | 206650(유바이오로직스):-14.9% | 009290(광동제약):-16.0% | 004720(팜젠사이언스):+53.9% | 225570(넥슨게임즈):-23.8% | 071970(HD현대마린엔진):-80.3% | 053300(한국정보인증):-19.2% | 058850(KTcs):-1.8% | 096630(에스코넥):+7.8%,2016-2017,2018
20181012,2018,-0.11330398221085158,-0.11117079211192023,-0.027919962773383045,-0.08538401943746854,0.0024000000000000002,0.8,0.00322699999999998,0.0,0.12694456591742104,-0.07066501698043896,-0.04398061934326832,-0.04378501620695278,-0.029780717937190757,-0.021044336643116574,1,-0.03430447273518526,-0.03899363066261955,0.0046891579274342884,-0.05667496362803248,0.6,0.0018,소프트웨어개발및공급업,0.2,0.12000000000000002,206650(유바이오로직스):+7.1% | 100700(세운메디칼):-6.5% | 097230(HJ중공업):-70.5% | 052420(오성첨단소재):+7.1% | 203650(드림시큐리티):-12.3% | 225570(넥슨게임즈):-4.4% | 214390(경보제약):-8.9% | 232140(와이씨):-7.2% | 003060(에이프로젠바이오로직):-10.6% | 001680(대상):-5.3%,2016-2017,2018
20181112,2018,-0.010416571419800236,-0.007737462568735716,-0.02533416798615462,0.014917596566354385,0.0027,0.9,0.007263499999999978,0.0,0.186587242564009,-0.02642453113609071,-0.01684072282499906,0.04822990317141586,0.05815047853764559,0.03335054806035973,0,0.03128078391252249,-0.03300658946759169,0.06428737338011417,-0.03557997548280356,0.9,0.0027,UNMAPPED_SECTOR,0.2,0.14,123890(한국자산신탁):+6.2% | 027050(코리아나):+11.0% | 000540(흥국화재):-34.3% | 214150(클래시스):-4.2% | 007810(코리아써키트):-11.4% | 017900(광전자):+13.6% | 016250(SGC E&C):+0.5% | 232140(와이씨):-5.4% | 004150(한솔홀딩스):+16.8% | 252500(세화피앤씨):-0.5%,2016-2017,2018
20181211,2018,0.16265704634433376,0.16580471908586553,0.0011334013374135754,0.16152364500692018,0.0027,0.9,0.0019265000000000532,0.0,0.18234967917842632,0.017029852458891853,0.023347367852749344,0.054468095824630136,0.06622596205846311,0.06169978932526437,0,0.05365997088558215,0.009790526439066236,0.043869444446515915,0.15594436508435683,0.8,0.0024000000000000002,기타금융업,0.2,0.14,085620(미래에셋생명):+13.0% | 131370(알서포트):+11.9% | 005720(넥센):+8.6% | 015860(일진홀딩스):+44.6% | 088800(에이스테크):+45.9% | 003060(에이프로젠바이오로직):-6.6% | 232140(와이씨):+33.7% | 002760(보락):+5.4% | 041910(폴라리스AI파마):+9.8% | 187420(HLB제넥스):-0.3%,2016-2017,2018
20190102,2019,0.08160520851382524,0.08214628165465247,0.10711381326724223,-0.025508604753416986,0.0005,1.0,0.015700000000000047,0.0,-0.12340980191816583,0.13188357101308648,0.14813127134002774,0.1304558603302217,0.10090869065311682,0.10876505246144941,0,0.07260320588793058,0.13879108623988054,-0.06618788035194996,0.08160520851382524,1.0,0.0005,의약품제조업,0.2,0.12000000000000002,069260(TKG휴켐스):-1.7% | 054950(제이브이엠):+25.5% | 023910(대한약품):+1.4% | 112610(씨에스윈드):+8.8% | 200130(콜마비앤에이치):+18.8% | 300720(한일시멘트):+27.5% | 014680(한솔케미칼):+12.8% | 214430(아이쓰리시스템):-7.9% | 196170(알테오젠):-1.0% | 005500(삼진제약):-0.0%,2017-2018,2019
20190131,2019,0.005598888671773272,0.008018132189026892,-0.024554898737276565,0.030153787409049837,0.0024000000000000002,0.8,0.018369999999999997,0.0,0.1864000242061141,-0.04868606439678698,0.027090150211552658,0.009080555318389829,0.02684954020421332,0.057435116763804514,0,0.08427105098991233,-0.0511572706200771,0.13542832160998944,0.10440617859409929,0.6,0.0018,기타금융업,0.2,0.16000000000000006,161580(필옵틱스):-2.3% | 214430(아이쓰리시스템):+13.5% | 183300(코미코):+3.2% | 082740(한화엔진):-10.5% | 222800(심텍):-8.6% | 052330(코텍):-1.4% | 014680(한솔케미칼):+1.6% | 005850(에스엘):+4.0% | 003030(세아제강지주):-3.8% | 017810(풀무원):+13.4%,2017-2018,2019
20190307,2019,0.08305038057077208,0.08467739666577051,0.028005880876394107,0.05504449969437797,0.0015,0.5,0.02769699999999997,0.0,0.04735623427737348,0.031683931368413104,0.06950959734791856,0.08263216407051815,0.06198329851027495,0.03631498981492741,0,0.0578136688310558,0.01819295115592264,0.03962071767513316,0.08207417091377267,0.8,0.0024000000000000002,기타화학제품제조업,0.2,0.14,112610(씨에스윈드):+19.9% | 082740(한화엔진):-0.1% | 092730(네오팜):+0.7% | 069260(TKG휴켐스):+13.8% | 214430(아이쓰리시스템):+14.2% | 052330(코텍):+9.1% | 268280(미원에스씨):+7.0% | 097955(CJ제일제당 우):+8.7% | 005850(에스엘):+9.9% | 222800(심텍):+3.7%,2017-2018,2019
20190405,2019,-0.05707830037669481,-0.05480984400230036,-0.022778010325101294,-0.03430029005159352,0.0024000000000000002,0.8,0.03002499999999997,0.0,0.15891090934607993,-0.05832236098626525,-0.05827881138656543,-0.012073236175328898,-0.02048199229333712,-0.024576469680590338,0,-0.025579932806124406,-0.06578438018059371,0.04020444737446931,-0.0614358215704941,0.7,0.0021,특수목적용기계제조업,0.2,0.12000000000000002,001430(세아베스틸지주):-10.3% | 222800(심텍):-4.5% | 200130(콜마비앤에이치):-0.2% | 140860(파크시스템스):+2.5% | 300720(한일시멘트):-2.3% | 005850(에스엘):-32.4% | 161580(필옵틱스):+16.7% | 222080(씨아이에스):-9.7% | 298020(효성티앤씨):-10.1% | 003350(한국화장품제조):-6.6%,2017-2018,2019
20190508,2019,0.05764733490082108,0.05987306834434427,-0.042405854006782095,0.10005318890760317,0.0021,0.7,0.031617000000000006,0.0,-0.03112951660392208,0.02715013851796261,-0.008560178238016322,0.017961242781359577,-0.00808405714304161,0.005391264495155107,0,0.02283286326378595,0.03840793955848017,-0.015575076294694217,-0.00676115015845935,0.6,0.0018,기타화학제품제조업,0.2,0.14,214430(아이쓰리시스템):-10.5% | 131290(티에스이):+40.5% | 058470(리노공업):+7.5% | 215000(골프존):+29.1% | 222080(씨아이에스):+3.5% | 081000(일진다이아):+16.5% | 092730(네오팜):-3.7% | 001430(세아베스틸지주):-10.7% | 300720(한일시멘트):-9.9% | 014680(한솔케미칼):-3.0%,2017-2018,2019
20190607,2019,0.09491888587227337,0.09722305428627466,0.0010437246058077054,0.09387516126646567,0.0021,0.7,0.02971999999999997,0.0,0.1649287551124861,-0.08589735482320801,-0.08281531020884568,-0.061318413650329,-0.06938555718309827,-0.03689137528291715,0,-0.025247043373688834,-0.09599598862815878,0.07074894525446995,-0.04139565766329334,0.4,0.0012000000000000001,전자부품제조업,0.3,0.18000000000000005,183300(코미코):-12.3% | 272290(이녹스첨단소재):-5.2% | 014680(한솔케미칼):+0.1% | 200130(콜마비앤에이치):+2.4% | 214430(아이쓰리시스템):-6.3% | 069260(TKG휴켐스):+3.0% | 140410(메지온):-17.2% | 263050(유틸렉스):-29.2% | 003030(세아제강지주):+162.3% | 058470(리노공업):-2.7%,2017-2018,2019
20190708,2019,-0.07264117105995394,-0.07068961926040072,-0.05637683857754616,-0.016264332482407773,0.0021,0.7,0.02200000000000002,0.0,0.07538431169264868,-0.12193531101632221,-0.10587038922043603,-0.11639540861732812,-0.11808919554651646,-0.1044514227756615,0,-0.07842679743156025,-0.118436615689658,0.040009818258097754,-0.05524279703370505,0.5,0.0015,특수목적용기계제조업,0.3,0.16000000000000003,183300(코미코):-6.7% | 185750(종근당):-9.3% | 058470(리노공업):-10.3% | 161580(필옵틱스):+11.7% | 003230(삼양식품):-9.9% | 053610(프로텍):-8.2% | 215000(골프존):-5.3% | 300720(한일시멘트):-17.3% | 014680(한솔케미칼):-3.9% | 108320(LX세미콘):-13.5%,2017-2018,2019
20190806,2019,0.04996399594524403,0.051857339155724415,0.04352630125093726,0.0064376946943067725,0.0018,0.6,0.02505999999999997,0.0,-0.2990944435980315,0.18750584193545394,0.15727819983178065,0.12369441427169194,0.06907507023653656,0.05175963524041742,0,0.056737605900338654,0.21369704071601073,-0.15695943481567207,0.06543108700239508,0.5,0.0015,기타화학제품제조업,0.2,0.12000000000000002,183300(코미코):+11.2% | 185750(종근당):+3.3% | 069260(TKG휴켐스):-3.8% | 200130(콜마비앤에이치):+1.7% | 215000(골프존):+2.4% | 222800(심텍):+25.0% | 096530(씨젠):+1.7% | 008490(서흥):+4.5% | 280360(롯데웰푸드):+0.3% | 014680(한솔케미칼):+6.1%,2017-2018,2019
20190905,2019,0.015189191640355482,0.015798670842861212,0.01648767206171531,-0.0012984804213598267,0.0005999999999999998,0.19999999999999996,0.03161499999999995,0.0,0.03014254225701817,-0.0009159210625451449,0.0042618699714285285,0.00040584888086954294,-0.005246104574568541,0.00406693541333254,0,0.001022986842722357,0.027406882294533048,-0.02638389545181069,0.03728282739059674,0.30000000000000004,0.0009000000000000002,특수목적용기계제조업,0.2,0.12000000000000002,185750(종근당):+2.7% | 069260(TKG휴켐스):+2.3% | 200130(콜마비앤에이치):-3.1% | 014680(한솔케미칼):+4.1% | 215000(골프존):-7.1% | 183300(코미코):-6.8% | 138690(엘아이에스):-4.0% | 079160(CJ CGV):-7.0% | 222800(심텍):+39.2% | 280360(롯데웰푸드):-4.7%,2017-2018,2019
20191010,2019,0.008452901851407235,0.009664499250507807,0.05331101190476195,-0.044858110053354716,0.0012000000000000001,0.4,0.04451499999999997,0.0,-0.008549430435651723,0.03434835762760314,0.04398470865285221,0.04197371554761949,0.038053101903123575,0.025217422804544698,0,0.021909153068291203,0.03979456996513204,-0.017885416896840835,0.014066888715086767,0.4,0.0012000000000000001,기타화학제품제조업,0.2,0.14,183300(코미코):+9.6% | 069260(TKG휴켐스):+1.3% | 280360(롯데웰푸드):-13.3% | 215000(골프존):+7.4% | 185750(종근당):+10.2% | 092730(네오팜):+2.5% | 144960(뉴파워프라즈마):+1.2% | 014680(한솔케미칼):-8.8% | 300720(한일시멘트):-14.1% | 141080(리가켐바이오):+11.9%,2017-2018,2019
20191108,2019,0.007523905325801383,0.010251584604232705,-0.018012926924027894,0.025536832249829278,0.0027,0.9,0.014974000000000043,0.0,0.124570015755989,-0.06956020075754352,-0.02694912153970815,0.04663790204908673,-0.018205400645114115,-0.030920062180040012,0,-0.016918685836971942,-0.08110727900477203,0.0641885931678001,-0.022790478399508318,0.8,0.0024000000000000002,특수목적용기계제조업,0.4,0.22000000000000008,232140(와이씨):+10.6% | 268280(미원에스씨):+0.4% | 183300(코미코):-12.1% | 042700(한미반도체):-4.5% | 298040(효성중공업):-11.5% | 089970(브이엠):+6.5% | 003230(삼양식품):-4.9% | 014820(동원시스템즈):-10.3% | 053210(스카이라이프):-5.9% | 038060(루멘스):+41.0%,2017-2018,2019
20191209,2019,0.02751058537689466,0.030292374788824575,0.06844585116714041,-0.040935265790245756,0.0027,0.9,0.028859999999999997,0.0,-0.029515858183292918,0.05492672536842995,0.07438146186836336,0.08681405508538152,0.07661751657862015,0.05006180820543091,0,0.044083815503160415,0.020154493584459025,0.02392932191870139,0.08482266998252408,0.5,0.0015,의약품제조업,0.3,0.16000000000000003,183300(코미코):+16.8% | 272290(이녹스첨단소재):+10.2% | 215000(골프존):-12.4% | 003850(보령):-4.1% | 002240(고려제강):-8.5% | 290650(엘앤씨바이오):+11.2% | 013120(동원개발):+4.7% | 192820(코스맥스):+10.8% | 185750(종근당):+6.9% | 006650(대한유화):-5.3%,2017-2018,2019
20200102,2020,0.004424250740494573,0.004926714097543296,0.0011365593249526018,0.003287691415541971,0.0005,1.0,0.00785199999999997,0.0,0.026731933255393192,-0.01946508726724629,-0.0054123532277133785,-0.029456814253116023,-0.03275859815127283,0.0023042308453828275,0,0.016438251378805547,-0.018177572903345273,0.03461582428215082,0.004424250740494573,1.0,0.0005,UNMAPPED_SECTOR,0.1,0.10000000000000003,179290(엠아이텍):-3.4% | 001045(CJ우):-0.2% | 203690(아크솔루션스):-6.4% | 009470(삼화전기):+17.1% | 002150(도화엔지니어링):-5.4% | 037460(삼지전자):+1.1% | 090360(로보스타):-10.5% | 245620(EDGC):+0.4% | 217480(에스디생명공학):+11.1% | 001540(안국약품):+0.9%,2018-2019,2020
20200204,2020,0.010179863467130179,0.012610127773787082,-0.04317462501720104,0.05335448848433122,0.0024000000000000002,0.8,0.004025500000000015,0.0,-0.08781982378478902,-0.022050421294906353,-0.01188866220545123,-0.02868381936567284,-0.0397899389787471,-0.04043848206875203,0,-0.029823535978832607,-0.008864111729915377,-0.02095942424891723,-0.011855919382067093,0.7,0.0021,전자부품제조업,0.2,0.12000000000000002,307930(컴퍼니케이):+3.2% | 054210(이랜텍):-12.2% | 179290(엠아이텍):-11.5% | 203690(아크솔루션스):+44.4% | 151910(SBW생명과학):-1.7% | 006380(카프로):-7.2% | 002020(코오롱):+15.5% | 004980(성신양회):-2.6% | 014820(동원시스템즈):-9.3% | 009290(광동제약):-6.0%,2018-2019,2020
20200304,2020,0.0936006263433351,0.09623158214047216,-0.16643296300291233,0.26003358934624743,0.0024000000000000002,0.8,0.006217000000000028,0.0,0.12629335496457086,-0.09617717988308408,-0.07431781166760568,-0.10846604087252273,-0.07282537970923288,-0.0689658240883183,0,-0.053754018294333406,-0.04695789880762492,-0.006796119486708482,0.1306211029086617,0.7,0.0021,UNMAPPED_SECTOR,0.2,0.14,179290(엠아이텍):+12.4% | 244460(올리패스):-30.0% | 033240(자화전자):-27.6% | 041140(넥슨지티):+186.6% | 100790(미래에셋벤처투자):+1.4% | 014820(동원시스템즈):-7.9% | 091120(이엠텍):-3.3% | 123890(한국자산신탁):-5.8% | 058610(에스피지):-7.0% | 002210(동성제약):-23.0%,2018-2019,2020
20200402,2020,0.2334945421612269,0.23646205108382806,0.09756728778467916,0.13592725437654773,0.0024000000000000002,0.8,0.004677000000000042,0.0,0.2864806489334341,0.1413689073806415,0.18648079850908666,0.24052509455637358,0.23845642324665042,0.2884964220312273,0,0.2879177427537283,0.1166696510097894,0.17124809174393887,0.2507760107288495,0.8,0.0024000000000000002,기초의약물질제조업,0.2,0.14,225570(넥슨게임즈):+21.5% | 085370(루트로닉):+14.4% | 035150(백산):+23.1% | 036930(주성엔지니어링):+18.4% | 049960(쎌바이오텍):+21.5% | 123860(아나패스):+21.8% | 033240(자화전자):+29.7% | 091120(이엠텍):+33.1% | 015860(일진홀딩스):+34.3% | 086820(바이오솔루션):+19.7%,2018-2019,2020
20200507,2020,0.1262904893879071,0.12832146803036182,0.1421048494851842,-0.015814360097277103,0.0018,0.6,0.002834499999999962,0.0,0.1860883413327859,0.07177393163419737,0.09044428684305365,0.12016882899173341,0.12871968105208645,0.13903824880588692,1,0.16139497239650116,0.07432882567468513,0.08706614672181603,0.12110057668003749,0.4,0.0012000000000000001,통신및방송장비제조업,0.2,0.14,085370(루트로닉):-1.4% | 049070(인탑스):+10.3% | 033240(자화전자):+0.0% | 191420(테고사이언스):+39.7% | 123860(아나패스):+19.1% | 144960(뉴파워프라즈마):+19.5% | 061040(알에프텍):+12.8% | 089890(코세스):+3.9% | 121600(나노신소재):+26.5% | 225570(넥슨게임즈):-1.5%,2018-2019,2020
20200605,2020,0.037976278202312974,0.04109957693311243,0.0,0.037976278202312974,0.003,1.0,0.010650500000000007,0.0,0.08218715904746805,0.008801928244922177,-3.675025640896873e-05,0.004643021017955423,-0.010174900694293202,0.04813419124448043,0,0.03461109019556645,0.012246298598974113,0.022364791596592336,-0.0005801317183946608,0.8,0.0024000000000000002,기타화학제품제조업,0.2,0.12000000000000002,015710(코콤):+3.4% | 090740(연이비앤티):+5.3% | 950140(잉글우드랩):+27.2% | 251630(브이원텍):+0.4% | 054450(텔레칩스):-7.1% | 115960(연우):-9.9% | 006380(카프로):+1.3% | 096775(SK이노베이션우):+8.6% | 095270(웨이브일렉트로):-2.9% | 089470(HDC현대EP):+15.3%,2018-2019,2020
20200706,2020,0.12035898982420101,0.1233921486254899,0.042736219117748275,0.07762277070645274,0.0027,0.9,0.005889000000000033,0.0,0.04312334906009804,0.12550492126822707,0.12418418492216925,0.10440115823746086,0.11040488673148406,0.15440813156954777,0,0.18311778809647766,0.13108953483860059,0.05202825325787708,0.14445923367160662,0.9,0.0027,기타화학제품제조업,0.2,0.14,307930(컴퍼니케이):-11.6% | 187420(HLB제넥스):+44.1% | 008060(대덕):+7.5% | 137950(제이씨케미칼):+7.0% | 317330(덕산테코피아):+12.9% | 009300(삼아제약):+31.2% | 311690(CJ 바이오사이언스):-0.7% | 003160(디아이):+7.3% | 251630(브이원텍):+9.6% | 000520(삼일제약):+16.6%,2018-2019,2020
20200804,2020,0.028039234422259085,0.030822455050896754,0.044185586061245896,-0.01614635163898681,0.0027,0.9,0.0071029999999999704,0.0,0.03461897757652232,0.04553071563149134,0.046514111464522896,0.044737886893018046,-0.0008979402709271086,0.06438578289640914,0,0.0759828724361664,0.05522037752627376,0.02076249490989264,0.036089369631190804,0.9,0.0027,기초의약물질및생물학적제제제조업,0.2,0.14,131400(이브이첨단소재):-14.9% | 000155(두산우):-1.8% | 053950(경남제약):+49.1% | 246710(티앤알바이오팹):-8.0% | 000520(삼일제약):+11.9% | 002990(금호건설):+1.4% | 114450(그린생명과학):+4.8% | 950180(SNK):+1.5% | 015710(코콤):-7.9% | 025620(차AI헬스케어):-5.0%,2018-2019,2020
20200903,2020,0.06564773710210092,0.06853277559621072,0.0029074360838101665,0.06274030101829076,0.0027,0.9,0.013944999999999985,0.0,0.24004156515348687,-0.01357799151580731,0.0062815740651839605,0.019638584817039895,0.04535635305110612,0.07323730828372284,1,0.09913580034329529,0.0007260676470847425,0.09840973269621055,0.05897495082887416,0.7,0.0021,전자부품제조업,0.2,0.14,307930(컴퍼니케이):+12.3% | 263600(덕우전자):+7.1% | 179900(유티아이):-2.2% | 025620(차AI헬스케어):-6.5% | 011390(부산산업):+0.9% | 223250(드림씨아이에스):-18.4% | 042520(한스바이오메드):+12.1% | 158430(아톤):+10.3% | 049950(미래컴퍼니):+46.7% | 141000(비아트론):+7.1%,2018-2019,2020
20201007,2020,0.07981999310439214,0.08241779581434669,0.014967701276193512,0.06485229182819863,0.0024000000000000002,0.8,0.008413000000000004,0.0,0.22255797559680626,-0.0590399904090213,-0.012436016907094869,-0.00924317480865432,0.002902063975692761,0.03598228448274303,1,0.030507223341691897,-0.0761158892435963,0.1066231125852882,0.0033745925915296127,0.8,0.0024000000000000002,전자부품제조업,0.3,0.20000000000000004,004840(DRB동일):-9.4% | 263600(덕우전자):-3.4% | 290740(액트로):-0.4% | 237880(클리오):+0.9% | 03473K(SK우):-2.0% | 308170(씨티알모빌리티):+2.3% | 179900(유티아이):-5.2% | 052670(제일바이오):+2.5% | 003350(한국화장품제조):+4.9% | 041190(우리기술투자):+92.2%,2018-2019,2020
20201106,2020,0.06141322217495815,0.0646070433048728,0.14827693262961805,-0.0868637104546599,0.003,1.0,0.005542999999999965,0.0,0.12771861669590442,0.01495993111971634,0.05837762075832433,0.054007948229364174,0.1087567539577901,0.06350542757463173,0,0.07958824569716556,0.022454256913712705,0.057133988783452855,0.1305691723911424,0.9,0.0027,UNMAPPED_SECTOR,0.2,0.16000000000000006,307930(컴퍼니케이):+12.5% | 148150(세경하이테크):+6.2% | 155650(와이엠씨):+17.8% | 33637K(솔루스첨단소재1우):+4.8% | 282880(코윈테크):-3.1% | 086820(바이오솔루션):+36.3% | 278650(HLB바이오스텝):+4.3% | 302430(이노메트리):-8.3% | 009190(대양금속):-0.6% | 263690(디알젬):-5.3%,2018-2019,2020
20201207,2020,0.06361423339293393,0.06681467742520969,0.1631968853079544,-0.09958265191502047,0.003,1.0,0.0039685000000000414,0.0,0.14490142060522798,0.0317184088331786,0.057548407764749655,0.0799180567114756,0.08578778427231917,0.09169596950151042,1,0.07573069606194147,-0.00186624293014685,0.07759693899208832,0.12175993811251895,0.9,0.0027,기타화학제품제조업,0.2,0.14,002795(아모레퍼시픽홀딩스우):+7.5% | 220260(켐트로스):+24.8% | 143160(아이디스):+6.2% | 079970(투비소프트):-3.4% | 308170(씨티알모빌리티):+38.8% | 069110(코스온):-15.5% | 087010(펩트론):-3.8% | 150840(인트로메딕):+3.3% | 060240(스타코링크):+1.6% | 001340(PKC):+7.4%,2018-2019,2020
20210104,2021,0.01254304618612867,0.013049570971614426,0.052890867260178,-0.04034782107404933,0.0005,1.0,0.015634999999999954,0.0,0.19854431409904424,-0.02959665196288814,0.013364517324422603,0.030237668942125054,0.02593599365332455,0.057334567158670004,0,0.06334490107592482,-0.038586047575722024,0.10193094865164684,0.01254304618612867,1.0,0.0005,전자부품제조업,0.2,0.12000000000000002,214370(케어젠):-3.9% | 253590(네오셈):-8.5% | 131290(티에스이):+4.2% | 204270(제이앤티씨):-3.1% | 054780(키이스트):+45.0% | 102120(어보브반도체):-9.0% | 005850(에스엘):+5.7% | 215000(골프존):-2.1% | 245620(EDGC):-14.1% | 222800(심텍):-1.3%,2019-2020,2021
20210202,2021,0.012871779437031217,0.013784185203714671,-0.030140370044889897,0.043012149481921114,0.0009000000000000002,0.30000000000000004,0.008922500000000055,0.0,0.1942139790391624,-0.08090613609709996,-0.05373993996551658,0.007498109215378822,-0.018884736301416283,-0.015255349604058884,0,-0.010732332624667522,-0.09015440678369555,0.07942207415902802,0.010917748173833841,0.30000000000000004,0.0009000000000000002,자동차신품부품제조업,0.2,0.14,215000(골프존):+12.9% | 214370(케어젠):-9.1% | 245620(EDGC):+8.9% | 253590(네오셈):-13.9% | 204270(제이앤티씨):-11.0% | 222800(심텍):-5.6% | 170030(현대공업):+6.8% | 102120(어보브반도체):-21.4% | 072470(우리산업홀딩스):+51.1% | 198440(강동씨앤엘):-5.3%,2019-2020,2021
20210308,2021,0.06197265741001856,0.06388765518935938,0.04295440074447776,0.0190182566655408,0.0018,0.6,0.016434999999999977,0.0,0.15291740241487078,0.07352846406402604,0.1128570822581412,0.13784273591204238,0.1187172706287527,0.09455371930871348,0,0.10487110865482421,0.0762006333892797,0.028670475265544518,0.05220484686690985,0.6,0.0018,전자부품제조업,0.2,0.14,086040(바이오톡스텍):+13.0% | 253590(네오셈):-1.4% | 204270(제이앤티씨):+3.6% | 161580(필옵틱스):+6.2% | 032620(유비케어):+11.0% | 222800(심텍):+3.4% | 009970(영원무역홀딩스):+14.3% | 003230(삼양식품):+2.2% | 214370(케어젠):+1.4% | 213500(한솔제지):+11.0%,2019-2020,2021
20210406,2021,-0.0023106496783630304,0.00039040441355361405,0.0017845402460787696,-0.0040951899244418,0.0027,0.9,0.011880000000000002,0.0,0.17760761841764378,0.020963081736540955,0.022066500197154486,0.04545193054135086,0.05802582280578882,0.08255376211285106,1,0.054277255804859,-0.004910066636654317,0.05918732244151332,-0.023263372248028213,0.7,0.0021,UNMAPPED_SECTOR,0.1,0.10000000000000003,204270(제이앤티씨):+1.0% | 054780(키이스트):-12.3% | 331920(셀레믹스):-2.5% | 092190(서울바이오시스):+8.6% | 183300(코미코):-8.0% | 008490(서흥):+6.4% | 214150(클래시스):-1.4% | 019175(신풍제약우):-13.5% | 265560(영화테크):+30.3% | 073490(이노와이어리스):-8.8%,2019-2020,2021
20210506,2021,0.043968309765854974,0.04616525680514583,0.015516594787174265,0.02845171497868071,0.0021,0.7,0.010413000000000006,0.0,0.04233607532179923,0.018020588191526667,-0.017981024415838386,0.0010018911432230844,0.007483757487163843,0.0059572495488295655,0,0.003945210872900011,0.008187672989311574,-0.0042424621164115625,0.005773271188037832,0.5,0.0015,기초의약물질제조업,0.2,0.14,073490(이노와이어리스):+5.6% | 251370(와이엠티):-2.4% | 204270(제이앤티씨):-6.1% | 049960(쎌바이오텍):-0.3% | 012790(신일제약):+5.0% | 214150(클래시스):+7.8% | 143240(사람인):+45.9% | 048530(인트론바이오):+2.6% | 222800(심텍):-4.0% | 000430(대원강업):-6.8%,2019-2020,2021
20210607,2021,0.012768117941717616,0.015509994928023187,0.014402437335549134,-0.0016343193938315181,0.0027,0.9,0.008932000000000051,0.0,0.08666849982614251,0.01938466258122863,0.024705835777071743,0.02983326083912587,0.05939013831206137,0.035801365599400566,0,0.03155082920251202,-0.0005078832808774865,0.032058712483389505,0.01858676775868151,0.8,0.0024000000000000002,전자부품제조업,0.3,0.18000000000000005,214370(케어젠):+3.8% | 232140(와이씨):-4.7% | 037460(삼지전자):+0.7% | 118990(모트렉스):+4.0% | 319660(피에스케이):-1.5% | 222800(심텍):+2.9% | 091700(파트론):-2.8% | 014580(태경비케이):+8.4% | 267260(HD현대일렉트릭):-6.9% | 101490(에스앤에스텍):+12.0%,2019-2020,2021
20210706,2021,0.11434518486122225,0.1166902343533643,-0.007849829351535775,0.12219501421275802,0.0021,0.7,0.02064750000000004,0.0,0.11375378816590334,-0.016706966732442163,-0.00516589835138472,-0.02662541686640327,-0.004267382318051678,0.017452788491125127,0,0.03751783264489852,-0.007216010533206541,0.04473384317810506,-0.033416317203635026,0.5,0.0015,의약품제조업,0.2,0.14,170030(현대공업):-17.5% | 140860(파크시스템스):+0.7% | 214370(케어젠):+7.2% | 093320(케이아이엔엑스):-13.5% | 004270(남성):-6.1% | 234080(JW생명과학):-27.1% | 118990(모트렉스):+7.3% | 232140(와이씨):+4.8% | 104460(디와이피엔에프):+55.1% | 307750(국전약품):+106.9%,2019-2020,2021
20210804,2021,-0.05501473034563731,-0.05331068958689371,-0.038596491228070184,-0.016418239117567124,0.0018,0.6,0.01224499999999995,0.0,0.06884939140597822,-0.03876731242726569,-0.017059696732036906,-0.031168118823379623,-0.03384961905187533,-0.025823695263008747,0,-0.022028770221304034,-0.04670016409774691,0.024671393876442876,-0.06294651459197897,0.6,0.0018,자연과학및공학연구개발업,0.2,0.12000000000000002,278650(HLB바이오스텝):-1.8% | 093320(케이아이엔엑스):-16.6% | 232140(와이씨):-5.9% | 214370(케어젠):-4.2% | 004270(남성):-9.8% | 013120(동원개발):-5.2% | 061250(화일약품):+2.2% | 086040(바이오톡스텍):-5.9% | 236200(슈프리마):-9.1% | 215000(골프존):+2.6%,2019-2020,2021
20210903,2021,-0.14528942406561807,-0.14349075465038388,-0.075855159582081,-0.06943426448353707,0.0021,0.7,0.013241999999999976,0.0,0.1165510454922478,-0.11449252768083809,-0.10427029018983192,-0.08463613196868425,-0.09214202579368104,-0.08032201124455148,0,-0.0859590427065243,-0.12300665416662789,0.03704761146010359,-0.14202918577753543,0.4,0.0012000000000000001,특수목적용기계제조업,0.2,0.12000000000000002,000970(한국주철관):-7.9% | 100700(세운메디칼):-6.2% | 093320(케이아이엔엑스):-22.4% | 232140(와이씨):-24.1% | 131290(티에스이):-17.0% | 013120(동원개발):-9.5% | 192400(쿠쿠홀딩스):-18.5% | 950180(SNK):-3.9% | 348210(넥스틴):-17.3% | 123040(엠에스오토텍):-18.9%,2019-2020,2021
20211008,2021,0.03230782303557023,0.03510260005572054,0.0075886634660058405,0.024719159569564386,0.0027,0.9,0.00469850000000005,0.0,0.15351023713591713,0.02863669759024725,0.017899219490800602,0.013298435200306859,0.02848927333530227,0.03660473199483553,0,0.04322596543327848,0.08162967657602088,-0.0384037111427424,0.027715644666228778,0.5,0.0015,의약품제조업,0.2,0.14,068330(일신바이오):-11.5% | 263770(유에스티):-0.9% | 086040(바이오톡스텍):-0.8% | 261200(덴티스):-4.5% | 226330(신테카바이오):+5.0% | 036120(서울평가정보):+13.0% | 093320(케이아이엔엑스):+35.8% | 245620(EDGC):+14.8% | 000220(유유제약):-5.8% | 298060(에스씨엠생명과학):-9.8%,2019-2020,2021
20211109,2021,0.0912243734646403,0.09417865583539582,0.017701608771390376,0.07352276469324992,0.0027,0.9,0.005085000000000006,0.0,0.20080484279294217,-0.0014858602827874435,-0.0012900369876400308,0.00560611320359822,0.03178782869944344,0.06147702419284472,1,0.08424726741561789,-0.013852392584694208,0.09809966000031209,0.06235766244022023,0.8,0.0024000000000000002,의약품제조업,0.2,0.12000000000000002,068330(일신바이오):+1.4% | 024950(삼천리자전거):+19.9% | 143240(사람인):-3.1% | 004560(현대비앤지스틸):+2.6% | 243070(휴온스):+6.1% | 232140(와이씨):+17.4% | 012790(신일제약):+8.3% | 080220(제주반도체):+50.2% | 123040(엠에스오토텍):-6.1% | 019210(와이지-원):-2.1%,2019-2020,2021
20211208,2021,0.0071497506718631865,0.009269216025516875,-0.01616029400659491,0.023310044678458097,0.0021,0.7,0.011106999999999978,0.0,0.15087639490833052,-0.03176989749086623,0.011711710761938174,-0.0003799508391366826,0.0055622666714762285,0.019717710479841086,0,0.005862172683718912,-0.03646368925160277,0.04232586193532168,0.012439238124194452,0.4,0.0012000000000000001,기타금융업,0.2,0.12000000000000002,123040(엠에스오토텍):+6.5% | 192400(쿠쿠홀딩스):-1.1% | 272550(삼양패키징):-4.6% | 143240(사람인):+0.5% | 251370(와이엠티):+5.5% | 009970(영원무역홀딩스):-2.1% | 200130(콜마비앤에이치):+0.2% | 086040(바이오톡스텍):-0.7% | 232140(와이씨):+2.0% | 357120(코람코라이프인프라리):+3.1%,2019-2020,2021
20220103,2022,-0.09029877040556977,-0.08984369225169565,-0.0737528760334758,-0.016545894372093972,0.0005,1.0,0.0035319999999999796,0.0,0.21260142839473015,-0.1383172493307626,-0.092179797742154,-0.0695668926009152,-0.08201152335963811,-0.06575495005717442,0,-0.0665348674159082,-0.15726251279760978,0.09072764538170158,-0.09029877040556977,1.0,0.0005,특수목적용기계제조업,0.2,0.12000000000000002,332570(PS일렉트로닉스):-9.4% | 192400(쿠쿠홀딩스):-5.1% | 033540(파라텍):-10.8% | 109820(진매트릭스):-20.6% | 317690(퀀타매트릭스):-23.2% | 073640(테라사이언스):+18.4% | 009190(대양금속):-17.0% | 090850(현대이지웰):-2.8% | 065130(탑엔지니어링):-21.2% | 069460(대호에이엘):+1.6%,2020-2021,2022
20220204,2022,-0.045946801513539914,-0.04365156527018846,-0.04629579079543589,0.0003489892818959728,0.0024000000000000002,0.8,0.002982999999999958,0.0,0.11801005486463219,-0.03250952967698593,-0.012775520457296869,0.0035557609380319033,0.004152805574037206,-0.0036877272625715136,0,-0.0034972813877761455,-0.03140753784595128,0.027910256458175135,-0.060785135995916506,0.8,0.0024000000000000002,의약품제조업,0.2,0.12000000000000002,068940(셀피글로벌):+2.5% | 033540(파라텍):-0.2% | 208340(파멥신):-8.7% | 069540(빛과전자):-1.8% | 181340(이즈미디어) | 317690(퀀타매트릭스):-7.9% | 072520(제넨바이오):-26.1% | 293580(나우IB):+8.1% | 001360(삼성제약):-2.1% | 201490(미투온):-7.5%,2020-2021,2022
20220308,2022,0.11909568263988324,0.12212542127733214,0.018175052950941684,0.10092062968894155,0.0027,0.9,0.004230999999999985,0.0,0.06344800780998862,0.05086565055092044,0.04836064041691106,0.06736657211025844,0.03475785617537124,0.04399598222010194,0,0.045271174518967484,0.00959022775063862,0.035680946768328864,0.11357713134078495,1.0,0.003,의약품제조업,0.2,0.14,109820(진매트릭스):-0.9% | 001360(삼성제약):+0.5% | 040300(YTN):+102.9% | 047310(파워로직스):+1.4% | 105550(엣지파운드리):-4.6% | 334970(프레스티지바이오로직):+11.8% | 092440(기신정기):-1.1% | 090850(현대이지웰):+7.0% | 038460(바이오스마트):-1.4% | 017810(풀무원):+6.8%,2020-2021,2022
20220407,2022,-0.08307322324412858,-0.08114362485632687,-0.029010766592640458,-0.05406245665148812,0.0021,0.7,0.0065749999999999975,0.0,0.15499097827385072,-0.07173002702697064,-0.07673410566498114,-0.05979791267279433,-0.037379984880995455,-0.04424283999944771,0,-0.04808221315568298,-0.07974267872425982,0.03166046556857684,-0.09081339611210393,0.8,0.0024000000000000002,소프트웨어개발및공급업,0.2,0.14,001360(삼성제약):-11.8% | 038460(바이오스마트):-1.4% | 139670(키네마스터):-21.5% | 304840(피플바이오):-11.7% | 119830(아이텍):-10.4% | 090850(현대이지웰):-4.7% | 034310(NICE):-6.6% | 314930(바이오다인):-4.7% | 247660(나노씨엠에스):-13.9% | 017890(한국알콜):+4.9%,2020-2021,2022
20220509,2022,0.14165083062846828,0.14439738435091026,0.003503083292319298,0.13814774733614898,0.0024000000000000002,0.8,0.004789999999999961,0.0,0.1153467097916829,0.014643009950594577,-0.05485545137920335,-0.01618763939664816,-0.019962422111867353,-0.00023140113144460087,0,-0.0005380215913348147,0.04858271561719755,-0.04912073720853236,0.08388722631826062,0.7,0.0021,소프트웨어개발및공급업,0.2,0.14,101730(위메이드맥스):+31.1% | 139670(키네마스터):-2.0% | 138610(나이벡):+28.1% | 109820(진매트릭스):+40.3% | 047920(HLB제약):+86.7% | 001360(삼성제약):+2.4% | 009410(태영건설):-11.5% | 042000(카페24):-5.3% | 002990(금호건설):-2.7% | 122310(제노레이):-21.8%,2020-2021,2022
20220609,2022,-0.0480258981084809,-0.04544860935373591,-0.10521608678091288,0.057190188672431974,0.0027,0.9,0.0028774999999999773,0.0,0.06743866360082784,-0.12000942739987269,-0.1345351274603871,-0.10319038322403526,-0.1021411850702712,-0.09423198335753236,0,-0.07898142456697506,-0.10813727603878431,0.029155851471809255,-0.028400261958191897,0.8,0.0024000000000000002,전자부품제조업,0.3,0.18000000000000005,138580(비즈니스온):-17.8% | 004830(덕성):+8.5% | 002700(신일전자):-5.3% | 264850(이랜시스):+55.5% | 001360(삼성제약):-10.0% | 334970(프레스티지바이오로직):-5.6% | 048870(시너지이노베이션):-9.9% | 105550(엣지파운드리):-22.6% | 263050(유틸렉스):-20.6% | 252990(샘씨엔에스):-17.8%,2020-2021,2022
20220708,2022,0.08516707552681746,0.08810495891589051,0.055070127357730314,0.030096948169087145,0.0027,0.9,0.005118999999999985,0.0,0.11694404922441244,0.06320161882115967,0.05566420065352474,0.08754725241634184,0.07867420799695812,0.08036528046490682,0,0.08321136068675261,0.04418038312648073,0.03903097756027188,0.03590753932932511,0.8,0.0024000000000000002,전자부품제조업,0.2,0.12000000000000002,367000(플래티어):+7.2% | 054620(APS):+26.5% | 348150(고바이오랩):+1.1% | 104540(코렌텍):+7.9% | 105550(엣지파운드리):+6.9% | 006380(카프로):-2.6% | 377190(디앤디플랫폼리츠):+6.8% | 246710(티앤알바이오팹):+22.9% | 216080(제테마):+2.9% | 347770(핌스):+9.0%,2020-2021,2022
20220808,2022,-0.0697902696786935,-0.0675523954277201,-0.05827705283745377,-0.011513216841239737,0.0024000000000000002,0.8,0.005909000000000053,0.0,0.09649359355566554,-0.06689150107906738,-0.027841103976653347,-0.05339721980704496,-0.04124103786748959,-0.03376659430468473,0,-0.02645889967289359,-0.05049592656192566,0.024037026889032073,-0.04774025241400892,0.8,0.0024000000000000002,전자부품제조업,0.2,0.12000000000000002,318010(팜스빌):+27.6% | 367000(플래티어):-1.9% | 004830(덕성):-6.2% | 247660(나노씨엠에스):-21.1% | 084110(휴온스글로벌):-10.3% | 310200(애니플러스):-7.4% | 035080(그래디언트):-25.0% | 089140(넥스턴앤롤코리아):-11.2% | 105550(엣지파운드리):-10.4% | 012200(계양전기):-2.4%,2020-2021,2022
20220907,2022,-0.12414497824663784,-0.12150950676693859,-0.06837357217030127,-0.05577140607633657,0.003,1.0,0.003928000000000043,0.0,0.13908663623807113,-0.14763184608641827,-0.1485706581152432,-0.14059739968266857,-0.1267832895644674,-0.09341198306162755,0,-0.09253129460718323,-0.153353550117311,0.060822255510127765,-0.0739041566924743,0.9,0.0027,기타식품제조업,0.2,0.12000000000000002,007860(서연):-15.5% | 214270(FSN):-5.8% | 241820(피씨엘):-24.8% | 354200(엔젠바이오):-3.0% | 332570(PS일렉트로닉스):-9.6% | 244460(올리패스):-18.7% | 28513K(SK케미칼우):-2.2% | 048870(시너지이노베이션):-10.3% | 017810(풀무원):-16.3% | 357230(에이치피오):-15.9%,2020-2021,2022
20221012,2022,0.1553940912063283,0.15782552480842588,0.08373680727298072,0.07165728393334758,0.0021,0.7,0.004383499999999985,0.0,0.14191418054657,0.11990348755688979,0.11058775094997418,0.12871606902621383,0.1584980745427775,0.1678288882413901,0,0.1808468100854265,0.13127615603797607,0.049570654047450424,0.19837751471563125,0.7,0.0021,소프트웨어개발및공급업,0.2,0.12000000000000002,100790(미래에셋벤처투자):+14.9% | 094480(갤럭시아머니트리):+22.9% | 007860(서연):+55.1% | 377030(비트맥스):+8.9% | 105550(엣지파운드리):-3.7% | 241820(피씨엘):+16.3% | 361390(제노코):+12.2% | 017810(풀무원):+9.9% | 322310(오로스테크놀로지):+3.9% | 376190(LB루셈):+17.9%,2020-2021,2022
20221110,2022,0.04059165679325982,0.04246809937212966,0.0016070452865362128,0.03898461150672361,0.0018,0.6,0.004441499999999987,0.0,0.17208747916179354,-0.013235986845764772,-0.001871575390945204,-0.014908207032918768,0.019901198618055508,0.04255403150614915,0,0.048843749482546814,-0.054966869550116954,0.10381061903266377,0.07578908065571133,0.9,0.0027,소프트웨어개발및공급업,0.3,0.16000000000000003,258830(세종메디칼):+5.9% | 241690(유니테크노):-1.9% | 322310(오로스테크놀로지):+37.4% | 260930(씨티케이):+3.7% | 361390(제노코):-2.8% | 105550(엣지파운드리):-3.0% | 214270(FSN):+5.7% | 377030(비트맥스):+4.7% | 138580(비즈니스온):+5.7% | 052420(오성첨단소재):-12.7%,2020-2021,2022
20221209,2022,-0.029708976940072906,-0.027667077803460227,-0.00661040336296248,-0.023098573577110426,0.0021,0.7,0.0055395000000000305,0.0,0.08151745833390024,-0.01829579045157132,0.0006197608511063857,0.002631644962183411,-0.004386650447961057,0.009599447245537221,0,-0.002298813014332234,-0.02222215234710126,0.019923339332769026,0.023593216300475728,0.6,0.0018,기타화학제품제조업,0.2,0.14,347890(엠투아이):+11.9% | 258830(세종메디칼):-2.2% | 017890(한국알콜):-0.5% | 105550(엣지파운드리):+2.9% | 090350(노루페인트):-2.9% | 376980(원티드랩):+1.1% | 214270(FSN):-15.7% | 299660(셀리드):-9.3% | 230360(에코마케팅):-7.6% | 036710(심텍홀딩스):-5.6%,2020-2021,2022
20230102,2023,0.184496352601343,0.1850888970498679,0.1178094482211256,0.0666869043802174,0.0005,1.0,0.00402199999999997,0.0,0.15840458018942272,0.11634301124442638,0.15242335297025936,0.11354152921980852,0.11911894908237121,0.15364110769919453,0,0.1581726120153619,0.11874744890941104,0.03942516310595086,0.184496352601343,1.0,0.0005,특수목적용기계제조업,0.2,0.12000000000000002,319660(피에스케이):+18.3% | 101730(위메이드맥스):+32.9% | 121800(비덴트):+4.8% | 086390(유니테스트):+24.6% | 281740(레이크머티리얼즈):+32.6% | 200130(콜마비앤에이치):+6.8% | 009900(명신산업):+17.6% | 001390(KG케미칼):+19.6% | 047820(초록뱀미디어):+16.3% | 007810(코리아써키트):+12.2%,2021-2022,2023
20230202,2023,0.01762701433198699,0.020382045855797684,-0.009230389281634999,0.02685740361362199,0.0027,0.9,0.01871900000000004,0.0,0.03515909162789099,0.035927544918513014,0.020763511271072455,0.011476109711370724,0.016967193968192757,0.021980966281477547,0,0.029852045117096663,0.06115594427593607,-0.03130389915883941,0.05990322428843342,0.5,0.0015,소프트웨어개발및공급업,0.2,0.14,200130(콜마비앤에이치):-11.8% | 348210(넥스틴):+13.3% | 140860(파크시스템스):+9.3% | 214430(아이쓰리시스템):+4.9% | 272290(이녹스첨단소재):+22.7% | 009970(영원무역홀딩스):+8.7% | 215000(골프존):-2.0% | 119860(커넥트웨이브):-14.1% | 038070(서린바이오):+0.4% | 293940(신한알파리츠):-10.5%,2021-2022,2023
20230306,2023,0.05254508143047931,0.055077266870969595,0.0025238362310713303,0.05002124519940798,0.0024000000000000002,0.8,0.005967999999999973,0.0,-0.028140321985073213,0.048493153575434565,0.025027040421598968,0.028350731422169657,0.023155045325390596,-0.00613009150842495,0,0.01072949280043626,0.059213996395858406,-0.04848450359542215,0.032630992269615966,0.7,0.0021,의약품제조업,0.3,0.18000000000000005,235980(메드팩토):+30.1% | 119860(커넥트웨이브):+5.9% | 183300(코미코):+3.5% | 065680(우주일렉트로):-6.7% | 084110(휴온스글로벌):+18.4% | 319660(피에스케이):+14.2% | 206650(유바이오로직스):-3.2% | 000230(일동홀딩스):+2.5% | 001800(오리온홀딩스):-1.1% | 200130(콜마비앤에이치):-8.6%,2021-2022,2023
20230404,2023,0.026889150679561213,0.029669257675284538,0.013737373737373826,0.013151776942187388,0.0027,0.9,0.004617500000000052,0.0,0.19579982223434858,-0.05689584062487352,-0.015316174112238734,-0.01653984642694674,0.0150187140645458,-0.0030687715274814492,0,-0.0014369835170266031,-0.08978097016968484,0.08834398665265823,-0.004406515400523725,0.9,0.0027,"영화,비디오물,방송프로그램제작및배급업",0.2,0.12000000000000002,222800(심텍):-10.6% | 950130(엑세스바이오):-4.0% | 016740(두올):+13.2% | 005390(신성통상):+3.3% | 200130(콜마비앤에이치):-5.5% | 251970(펌텍코리아):+24.6% | 160550(NEW):-3.3% | 036710(심텍홀딩스):-9.6% | 104200(NHN벅스):+0.2% | 299900(위지윅스튜디오):+21.5%,2021-2022,2023
20230504,2023,0.003666929190263568,0.00608152484990331,0.05227335438574987,-0.0486064251954863,0.0024000000000000002,0.8,0.004484999999999961,0.0,0.08033835039547067,0.0009580262681015386,0.03105272645865906,0.02119644780158212,0.02723981708528742,0.05296137559035145,0,0.03156512288922775,0.022991069663796757,0.008574053225430991,0.02932293015636067,0.6,0.0018,소프트웨어개발및공급업,0.2,0.14,319660(피에스케이):+6.3% | 123420(위메이드플레이):-15.6% | 200130(콜마비앤에이치):-4.3% | 222800(심텍):+9.2% | 389140(포바이포):-0.1% | 064260(다날):+4.6% | 372910(한컴라이프케어):+2.5% | 027360(아주IB투자):+10.2% | 086450(동국제약):+1.8% | 003520(영진약품):-8.6%,2021-2022,2023
20230607,2023,-0.07994614514218701,-0.07773270363090122,-0.020453353534176433,-0.059492791608010576,0.0024000000000000002,0.8,0.00933700000000004,0.0,0.014564679422332912,-0.032208948498010564,-0.04415634737503189,-0.028199071065834292,-0.019868324994633473,-0.041674743059728105,0,-0.06459337524232678,-0.043275890882743785,-0.021317484359582993,-0.08208329739384845,0.6,0.0018,특수목적용기계제조업,0.4,0.22000000000000008,166090(하나머티리얼즈):-2.3% | 319660(피에스케이):-4.4% | 200130(콜마비앤에이치):-15.1% | 036200(유니셈):-0.5% | 252990(샘씨엔에스):+18.5% | 301300(바이브컴퍼니):-16.6% | 095610(테스):-8.7% | 258830(세종메디칼):-38.0% | 290520(신도기연):-2.7% | 069260(TKG휴켐스):-8.7%,2021-2022,2023
20230706,2023,0.055202221357943726,0.05742280925738436,0.015020820939916746,0.04018140041802698,0.0021,0.7,0.008020999999999945,0.0,0.16017625656096504,-0.006191212526498113,-0.004294449890011643,-0.003306993525519838,0.022969034704060958,0.025062977793772104,1,0.021601385977518723,-0.017669179929870577,0.039270565907389296,0.0465584172862441,0.4,0.0012000000000000001,전자부품제조업,0.3,0.22000000000000003,263600(덕우전자):+1.8% | 179900(유티아이):+10.7% | 166090(하나머티리얼즈):-6.5% | 036200(유니셈):+17.9% | 080000(에스엔유):-9.6% | 036810(에프에스티):+32.9% | 084990(헬릭스미스):-0.8% | 388720(유일로보틱스):+8.7% | 101730(위메이드맥스):+3.2% | 200130(콜마비앤에이치):-0.7%,2021-2022,2023
20230804,2023,-0.03842535435289751,-0.036112023208598236,-0.0028131868131867632,-0.03561216753971075,0.0024000000000000002,0.8,0.01441300000000001,0.0,0.07603203008702022,-0.013436987794409386,0.0027045368067380835,0.013529769166942283,0.037127510402342814,0.01524624666466046,0,-0.0009309185469223295,-0.007070901623618363,0.006139983076696033,-0.0501252332543658,0.7,0.0021,UNMAPPED_SECTOR,0.2,0.14,009470(삼화전기):-4.7% | 127980(화인써키트):-23.1% | 175250(아이큐어):+8.6% | 003470(유안타증권):-0.4% | 348210(넥스틴):-0.8% | 272110(케이엔제이):+0.2% | 280360(롯데웰푸드):+7.2% | 200130(콜마비앤에이치):-2.1% | 041190(우리기술투자):-5.0% | 084990(헬릭스미스):-16.1%,2021-2022,2023
20230905,2023,-0.0902320675057029,-0.08804337159753711,-0.04569631784654271,-0.044535749659160184,0.0024000000000000002,0.8,0.005177499999999946,0.0,0.16843871076999478,-0.1159801225675469,-0.06862395647009756,-0.05792341163375734,-0.05345860616158114,-0.053014809637961485,1,-0.04848169444291365,-0.13544610870566712,0.08696441426275348,-0.06998041063405869,0.8,0.0024000000000000002,UNMAPPED_SECTOR,0.2,0.12000000000000002,300720(한일시멘트):+3.1% | 003530(한화투자증권):-5.4% | 041190(우리기술투자):-3.6% | 389140(포바이포):-7.6% | 278650(HLB바이오스텝):-7.3% | 007810(코리아써키트):-12.1% | 171090(선익시스템):-16.7% | 272110(케이엔제이):-8.7% | 067000(조이시티):-13.0% | 011500(한농화성):-17.4%,2021-2022,2023
20231011,2023,0.016676497048830896,0.018509814715318453,0.0016936626224055562,0.01498283442642534,0.0018,0.6,0.016383999999999954,0.0,0.11689574511970234,-0.08058011407466925,-0.023617160666498323,-0.01711415176298027,-0.035197962617182436,-0.020103692414140947,0,-0.01352526049141387,-0.09477545843039711,0.08125019793898325,0.03916111683514578,0.7,0.0021,UNMAPPED_SECTOR,0.2,0.14,007810(코리아써키트):+0.1% | 003530(한화투자증권):+16.1% | 081000(일진다이아):-4.8% | 041190(우리기술투자):+60.3% | 348210(넥스틴):-2.0% | 289220(자이언트스텝):-10.1% | 304100(솔트룩스):-4.1% | 365270(큐라클):-15.1% | 011500(한농화성):-11.0% | 007340(DN오토모티브):-12.1%,2021-2022,2023
20231109,2023,0.11402070084112337,0.1167007827196504,0.03476897537581847,0.0792517254653049,0.0024000000000000002,0.8,0.006665499999999991,0.0,0.14757989583272285,0.04897169037631835,0.04945105382910536,0.06243956252497231,0.07926924104772522,0.06488631812246892,0,0.08105062770193217,0.0560068172856484,0.025043810416283764,0.19793606619372617,0.8,0.0024000000000000002,기타화학제품제조업,0.3,0.18000000000000005,162300(신스틸):+18.4% | 011500(한농화성):+53.3% | 059090(미코):-3.8% | 029480(광무):+0.9% | 378340(필에너지):-0.6% | 107600(새빗켐):+7.4% | 045970(코아시아):+12.9% | 304100(솔트룩스):-0.4% | 317830(에스피시스템스):-1.0% | 281740(레이크머티리얼즈):+30.2%,2021-2022,2023
20231208,2023,0.043995170924230775,0.04682158921511161,0.010932857991681422,0.033062312932549354,0.0027,0.9,0.010325000000000029,0.0,0.1731847580631529,0.021904220263413397,0.034755592075896374,0.043512183729915666,0.04175588799414935,0.08273578511181398,0,0.08038771725583965,0.008869325565827533,0.07151839169001212,0.05515915106431257,0.9,0.0027,소프트웨어개발및공급업,0.2,0.12000000000000002,107600(새빗켐):+1.1% | 058430(포스코스틸리온):+4.0% | 419050(삼기에너지솔루션즈):+17.4% | 376300(디어유):+7.0% | 006405(삼성SDI우):-9.0% | 161000(애경케미칼):+11.4% | 391710(코닉오토메이션):+21.1% | 079810(디이엔티):-16.0% | 272290(이녹스첨단소재):-2.1% | 218410(RFHIC):+12.5%,2021-2022,2023
20240102,2024,-0.013113773487234415,-0.012620083528998976,-0.06742476771598949,0.05431099422875507,0.0005,1.0,0.008006500000000027,0.0,0.2911881230424597,-0.10161285940579488,-0.05030774094980155,-0.00017130429716189215,-0.010943125478361626,-0.004088565302472374,0,0.0041024993645037006,-0.11776916254642492,0.12187166191092862,-0.013113773487234415,1.0,0.0005,"그외기타전문,과학및기술서비스업",0.1,0.10000000000000003,161580(필옵틱스):+7.3% | 069260(TKG휴켐스):+1.7% | 300720(한일시멘트):-1.9% | 119830(아이텍):+1.5% | 039860(나노엔텍):-0.5% | 036620(감성코퍼레이션):-12.1% | 214430(아이쓰리시스템):-12.6% | 251370(와이엠티):+2.6% | 086040(바이오톡스텍):-7.2% | 276040(스코넥):+8.2%,2022-2023,2024
20240131,2024,0.04427098023154952,0.04646856421640407,0.06349631215798235,-0.01922533192643283,0.0021,0.7,0.011294000000000026,0.0,-0.008415445885710256,0.08721242577478201,0.04386893397699861,0.03112192541869235,0.027806348138884336,0.04434875990283933,0,0.03536547934919697,0.08831804467024003,-0.05295256532104306,0.04550835996093494,0.6,0.0018,전자부품제조업,0.2,0.12000000000000002,950210(프레스티지바이오파마):+7.4% | 069260(TKG휴켐스):-5.6% | 023800(인지컨트롤스):+8.2% | 001680(대상):+1.8% | 200130(콜마비앤에이치):-12.2% | 214430(아이쓰리시스템):+24.0% | 127980(화인써키트):+2.5% | 215000(골프존):-0.2% | 300720(한일시멘트):-0.3% | 086890(이수앱지스):+21.3%,2022-2023,2024
20240305,2024,0.05122723830652798,0.05312285945354452,0.03392153024413447,0.01730570806239351,0.0018,0.6,0.058335499999999985,0.0,0.1492708016589871,0.00021400994686976465,0.007365795946850005,0.00909007496292199,0.018602737973824,0.028662788011154922,1,0.04108816012037094,-0.010010470522008652,0.05109863064237959,0.050924190450925666,0.6,0.0018,1차비철금속제조업,0.1,0.10000000000000003,001680(대상):+4.8% | 200130(콜마비앤에이치):+8.8% | 008260(NI스틸):-9.1% | 293780(압타바이오):+14.3% | 072770(멤레이비티):+14.7% | 214430(아이쓰리시스템):+34.3% | 300720(한일시멘트):+1.0% | 001800(오리온홀딩스):-3.9% | 115160(휴맥스):-7.0% | 000670(영풍):-6.8%,2022-2023,2024
20240403,2024,-0.013758856882383763,-0.01138618372331977,0.008330628583793187,-0.02208948546617695,0.0024000000000000002,0.8,0.013699499999999976,0.0,0.05728647476465385,0.027252796143177088,-0.019362617031556895,0.02576089430483379,0.016226873146722977,0.014613405393554681,0,0.012073793871647448,0.03579017673359461,-0.02371638286194716,0.004253117110466054,0.7,0.0021,소프트웨어개발및공급업,0.2,0.12000000000000002,001800(오리온홀딩스):+2.9% | 200130(콜마비앤에이치):-0.5% | 007340(DN오토모티브):+3.3% | 126880(제이엔케이글로벌):+0.2% | 218410(RFHIC):+8.6% | 418420(라온텍):-7.8% | 042420(네오위즈홀딩스):-4.8% | 215000(골프존):-3.7% | 005250(녹십자홀딩스):-2.4% | 093370(후성):-7.1%,2022-2023,2024
20240507,2024,-0.018263820812814746,-0.016493509129247404,-0.003782188841201739,-0.014481631971613007,0.0018,0.6,0.009549999999999947,0.0,0.02335297334797969,-0.013954963880291127,-0.041402527679310575,-0.033701659214924636,-0.03538500889816672,0.015354487714067354,0,0.03961384996278498,-0.021564097519613,0.06117794748239798,-0.023811855089456935,0.5,0.0015,1차철강제조업,0.1,0.10000000000000003,001800(오리온홀딩스):+2.7% | 200130(콜마비앤에이치):-3.7% | 001430(세아베스틸지주):-3.8% | 007340(DN오토모티브):-2.1% | 069260(TKG휴켐스):-2.4% | 017900(광전자):-2.5% | 108490(로보티즈):-5.6% | 005250(녹십자홀딩스):-12.2% | 950210(프레스티지바이오파마):+13.3% | 071055(한국금융지주우):-0.5%,2022-2023,2024
20240607,2024,-0.003327305453679985,-0.001830050529474312,0.06214491504887065,-0.06547222050255064,0.0015,0.5,0.010260500000000006,0.0,0.1069000394481982,-0.026407702632451322,-0.012834967068855884,-0.04867528567911159,-0.0036000551205782193,-0.013832453842588728,0,-0.041090824842307076,-0.05528476505314605,0.014193940210838973,-0.021642584744082538,0.5,0.0015,1차철강제조업,0.1,0.10000000000000003,108490(로보티즈):+3.1% | 001430(세아베스틸지주):-9.3% | 389500(에스비비테크):-16.3% | 066590(우수AMS):+8.0% | 069260(TKG휴켐스):+0.7% | 007340(DN오토모티브):-1.2% | 001800(오리온홀딩스):-1.0% | 216050(인크로스):+9.7% | 311320(지오엘리먼트):+2.9% | 217330(싸이토젠):+1.3%,2022-2023,2024
20240708,2024,-0.09215651987456897,-0.09024603655132679,-0.13369838010495094,0.04154186023038198,0.0021,0.7,0.004760499999999945,0.0,0.16260452601892939,-0.1361204197378577,-0.1315112070603924,-0.0938153545109611,-0.06786297810319215,-0.09257803670404417,0,-0.025708513255760183,-0.13003148855879068,0.1043229753030305,-0.07633149491770763,0.4,0.0012000000000000001,1차철강제조업,0.1,0.10000000000000003,218410(RFHIC):-17.3% | 105330(케이엔더블유):-2.5% | 418420(라온텍):-26.3% | 389500(에스비비테크):+20.8% | 011690(와이투솔루션):-11.7% | 391710(코닉오토메이션):-12.5% | 023410(유진기업):-5.7% | 069260(TKG휴켐스):-5.5% | 001430(세아베스틸지주):-8.5% | 101730(위메이드맥스):-21.6%,2022-2023,2024
20240806,2024,0.05783494682306367,0.06037985848342389,0.012261141837122791,0.04557380498594088,0.0024000000000000002,0.8,0.005417499999999964,0.0,0.10698269462375125,-0.07187366399876022,-0.014275328024247634,-0.0307048227840636,-0.020882470502719276,-0.022280832974570956,0,-0.001515963811904993,-0.0914934891912548,0.0899775253793498,0.0933308065347207,0.6,0.0018,특수목적용기계제조업,0.3,0.18000000000000005,006405(삼성SDI우):+10.6% | 014580(태경비케이):-5.9% | 900290(GRT):+31.7% | 214430(아이쓰리시스템):+8.6% | 108490(로보티즈):+6.2% | 218410(RFHIC):-3.5% | 060590(씨티씨바이오):-4.3% | 418420(라온텍):+16.9% | 382840(원준):+9.2% | 382800(지앤비에스 에코):-8.7%,2022-2023,2024
20240905,2024,0.16810632636232148,0.17126875199270186,0.011043015726179384,0.1570633106361421,0.0027,0.9,0.01509450000000001,0.0,0.1207941079414541,0.07962703336984071,0.05327341482839492,0.062228000439593124,0.08732173917650145,0.10831351626217228,0,0.10500385626605223,0.06446630948374422,0.040537546782308004,0.12154742820995024,0.9,0.0027,기초화학물질제조업,0.3,0.16000000000000003,030530(원익홀딩스):+20.9% | 445180(퓨릿):+4.5% | 348210(넥스틴):+34.7% | 006650(대한유화):+8.5% | 061970(LB세미콘):+0.5% | 307750(국전약품):+3.9% | 008730(율촌화학):+35.2% | 218410(RFHIC):+7.5% | 304100(솔트룩스):+45.2% | 086890(이수앱지스):+12.6%,2022-2023,2024
20241014,2024,-0.0724286142508801,-0.06963752683137421,-0.0641333562074684,-0.00829525804341169,0.003,1.0,0.03507099999999996,0.0,0.1793455545219221,-0.1352333704795292,-0.07935964415983018,-0.08852856605862168,-0.06119998244635114,-0.07237495491655993,0,-0.07858102299256886,-0.15147565478553388,0.07289463179296501,-0.09481565155299776,0.8,0.0024000000000000002,전자부품제조업,0.3,0.18000000000000005,065510(휴비츠):-11.4% | 101490(에스앤에스텍):-18.1% | 222800(심텍):-30.9% | 046210(HLB파나진):-5.8% | 215000(골프존):-6.2% | 272290(이녹스첨단소재):-15.7% | 348150(고바이오랩):-7.8% | 003030(세아제강지주):+8.4% | 02826K(삼성물산우B):-13.7% | 027360(아주IB투자):+30.3%,2022-2023,2024
20241112,2024,0.03155028943864302,0.03372110375653166,-0.010540466224679967,0.04209075566332299,0.0021,0.7,0.025236499999999995,0.0,0.13921391984780854,0.006474761830107569,-0.009113051366692741,0.007889978128092591,0.036031111654200414,0.03443168284039847,0,0.03175640197328821,-0.003695357995663444,0.035451759968951654,0.01875966608640689,0.6,0.0018,UNMAPPED_SECTOR,0.3,0.18000000000000005,086890(이수앱지스):-10.0% | 009155(삼성전기우):+8.0% | 038110(에코플라스틱):+2.9% | 006405(삼성SDI우):-2.4% | 02826K(삼성물산우B):+1.2% | 001680(대상):+10.4% | 045100(한양이엔지):-3.8% | 297090(씨에스베어링):+3.5% | 101490(에스앤에스텍):+28.7% | 272290(이녹스첨단소재):-4.5%,2022-2023,2024
20241211,2024,0.05176488625229503,0.05366147691073438,0.02124374729821521,0.03052113895407982,0.0018,0.6,0.01564549999999998,0.0,0.06732193621569718,0.0328763430574258,0.06344670792829118,0.058939827988222775,0.05445768421035066,0.05742330468978419,0,0.056238504968991354,0.04435086813069356,0.011887636838297792,0.027786886690728707,0.7,0.0021,UNMAPPED_SECTOR,0.1,0.10000000000000003,006405(삼성SDI우):-8.2% | 248170(샘표식품):-4.6% | 086890(이수앱지스):+0.8% | 357120(코람코라이프인프라리):-3.4% | 093370(후성):-1.7% | 348150(고바이오랩):-1.1% | 200130(콜마비앤에이치):+8.0% | 272290(이녹스첨단소재):+29.3% | 010690(화신):+7.1% | 297090(씨에스베어링):+27.2%,2022-2023,2024
20250102,2025,0.13793983265700982,0.13850908720061014,0.05903640998206239,0.07890342267494743,0.0005,1.0,0.006440000000000001,0.0,0.07025736717768986,0.012110440703631369,0.057085896998172826,0.04991246459607523,0.03477375660286678,0.04979328631735306,0,0.06956187015954389,0.02352785750519901,0.04603401265434488,0.13793983265700982,1.0,0.0005,1차철강제조업,0.1,0.10000000000000003,200130(콜마비앤에이치):+1.8% | 001680(대상):+7.1% | 101730(위메이드맥스):+12.2% | 222800(심텍):+28.6% | 336570(원텍):-0.6% | 319660(피에스케이):+11.1% | 358570(지아이이노베이션):+43.4% | 218410(RFHIC):+34.8% | 166090(하나머티리얼즈):+2.5% | 001430(세아베스틸지주):-1.8%,2023-2024,2025
20250206,2025,0.09094779340514192,0.09160275505817675,0.006715597420735353,0.08423219598440657,0.0005999999999999998,0.19999999999999996,0.00592400000000004,0.0,0.22934857928179653,-0.024289949645397196,-0.02643201316394859,-0.015420296802662353,0.029228934280508267,0.027857493991111426,0,0.024142186987999654,-0.03573788807359106,0.05988007506159071,0.09094779340514192,0.19999999999999996,0.0005999999999999998,특수목적용기계제조업,0.2,0.12000000000000002,200130(콜마비앤에이치):+3.0% | 336570(원텍):+24.3% | 001430(세아베스틸지주):+8.6% | 253590(네오셈):+4.4% | 093370(후성):-9.3% | 319660(피에스케이):-9.6% | 222800(심텍):+29.1% | 166090(하나머티리얼즈):+18.8% | 101730(위메이드맥스):-10.8% | 358570(지아이이노베이션):+33.9%,2023-2024,2025
20250310,2025,-0.06546915166779255,-0.06406524954210581,-0.08489034505150694,0.019421193383714397,0.0015,0.5,0.011734000000000022,0.0,0.20870799303181228,-0.13655486268289752,-0.08751917333683673,-0.08139416201200829,-0.06733869398734893,-0.07184430698370182,0,-0.0661305669528613,-0.1390758676877976,0.07294530073493628,-0.059874886197581634,0.4,0.0012000000000000001,소프트웨어개발및공급업,0.3,0.18000000000000005,101730(위메이드맥스):-19.2% | 222080(씨아이에스):-11.0% | 001800(오리온홀딩스):+3.8% | 319660(피에스케이):-4.4% | 200130(콜마비앤에이치):-2.2% | 093370(후성):-13.8% | 140410(메지온):+13.4% | 225570(넥슨게임즈):-4.7% | 001430(세아베스틸지주):-25.8% | 215000(골프존):-0.3%,2023-2024,2025
20250408,2025,0.1443500056536764,0.1464135500437551,0.11950456407444454,0.024845441579231853,0.0018,0.6,0.006237000000000048,0.0,0.1160884242407714,0.12762260240547774,0.17706235462294104,0.18111903223757864,0.20067355154489708,0.18866953483793109,0,0.19799422009241902,0.10054090180119586,0.09745331829122315,0.13773752591717892,0.4,0.0012000000000000001,소프트웨어개발및공급업,0.3,0.20000000000000004,101730(위메이드맥스):-1.1% | 383310(에코프로에이치엔):+14.1% | 001430(세아베스틸지주):+18.9% | 222080(씨아이에스):+11.8% | 069260(TKG휴켐스):+11.4% | 358570(지아이이노베이션):+26.1% | 225570(넥슨게임즈):+13.0% | 108860(셀바스AI):+14.7% | 323280(태성):+14.0% | 393890(더블유씨피):+24.3%,2023-2024,2025
20250512,2025,0.07581321982652778,0.07710574672259492,0.12544658292036415,-0.04963336309383637,0.0012000000000000001,0.4,0.0073665000000000536,0.0,0.076083990925066,0.07383091452807962,0.07724196703232232,0.07378365164396614,0.10129263627123394,0.11119748427942887,0,0.05755771419634321,0.04183294796905263,0.015724766227290576,0.09653108948382805,0.09999999999999998,0.0002999999999999999,특수목적용기계제조업,0.3,0.20000000000000004,101730(위메이드맥스):+34.5% | 225570(넥슨게임즈):+13.5% | 001430(세아베스틸지주):+26.5% | 222080(씨아이에스):-3.9% | 005420(코스모화학):-3.5% | 358570(지아이이노베이션):+2.4% | 069260(TKG휴켐스):+1.1% | 093370(후성):+21.6% | 253590(네오셈):-6.4% | 171090(선익시스템):-8.5%,2023-2024,2025
20250612,2025,0.01562112241026603,0.017146842674277338,0.09587322717730773,-0.0802521047670417,0.0015,0.5,0.0070829999999999504,0.0,0.04008371243490629,0.04183937860448129,0.06999375057250923,0.05449486750604603,0.05947154964021675,0.04011615252602606,0,0.0404941135186123,0.04273052879431794,-0.0022364152757056444,0.018309293411895577,0.4,0.0012000000000000001,소프트웨어개발및공급업,0.3,0.20000000000000004,336570(원텍):-5.0% | 222080(씨아이에스):+4.6% | 253590(네오셈):-7.8% | 101730(위메이드맥스):-9.3% | 069260(TKG휴켐스):+6.7% | 005420(코스모화학):+9.4% | 108860(셀바스AI):-7.2% | 016380(KG스틸):+7.2% | 200130(콜마비앤에이치):+3.8% | 215000(골프존):+15.6%,2023-2024,2025
20250711,2025,0.032191657835529686,0.0337422712423931,0.012194267292732652,0.019997390542797033,0.0015,0.5,0.002986000000000044,0.0,0.0602142953892776,-0.02350582973434198,-0.023697177938200715,-0.024450644750934107,-0.021347914220945008,-0.007906612003727921,0,0.004692020486990458,-0.026820157089974418,0.031512177576964874,0.032191657835529686,0.5,0.0015,소프트웨어개발및공급업,0.3,0.24000000000000002,225570(넥슨게임즈):-3.3% | 222080(씨아이에스):+3.7% | 253590(네오셈):+0.9% | 108860(셀바스AI):-6.1% | 101730(위메이드맥스):-2.3% | 093370(후성):+5.5% | 232140(와이씨):+15.9% | 281740(레이크머티리얼즈):+7.9% | 348150(고바이오랩):+8.4% | 069260(TKG휴켐스):+3.3%,2023-2024,2025
20250811,2025,0.01155598392650048,0.012467204410469996,0.03868079115603873,-0.02712480722953825,0.0009000000000000002,0.30000000000000004,0.005363000000000007,0.0,0.07366143567541786,0.023174533464375563,0.03820596406332525,0.021762500680890275,0.040402828039251444,0.04117187230893127,0,0.04842721249284049,0.042993731250351094,0.005433481242489394,0.013705371621335116,0.30000000000000004,0.0009000000000000002,소프트웨어개발및공급업,0.3,0.18000000000000005,093370(후성):+11.1% | 253590(네오셈):+5.1% | 417200(LS머트리얼즈):-3.7% | 108860(셀바스AI):+1.7% | 101730(위메이드맥스):-7.9% | 200130(콜마비앤에이치):+16.1% | 225570(넥슨게임즈):+1.5% | 222080(씨아이에스):-8.9% | 069260(TKG휴켐스):-1.1% | 014820(동원시스템즈):-1.5%,2023-2024,2025
20250910,2025,0.08433048842077007,0.08563324831875248,0.16531496500388854,-0.08098447658311847,0.0012000000000000001,0.4,0.007664000000000004,0.0,0.05709613413307087,0.04112769814873821,0.031226446159043117,0.0030237373207671185,-0.0014909615116499584,0.02205337775220981,0,0.03342697973535824,0.041029405316788024,-0.007602425581429782,0.06404167655363335,0.30000000000000004,0.0009000000000000002,소프트웨어개발및공급업,0.3,0.24000000000000002,101730(위메이드맥스):-5.0% | 417200(LS머트리얼즈):+1.6% | 253590(네오셈):+25.7% | 222080(씨아이에스):+5.3% | 108860(셀바스AI):-0.7% | 225570(넥슨게임즈):-6.0% | 272290(이녹스첨단소재):+3.3% | 161580(필옵틱스):+16.2% | 323990(박셀바이오):-4.1% | 166090(하나머티리얼즈):+50.7%,2023-2024,2025
20251016,2025,0.01827281120317026,0.0198025149756336,0.07432548384021342,-0.056052672637043166,0.0015,0.5,0.0033769999999999634,0.0,0.05437964376507816,0.011414150940950926,-0.015138630536269723,0.021492870775662337,0.0018889003289187514,2.89066700078116e-05,0,0.009621749918394769,0.02650673600863555,-0.01688498609024078,0.014675340987205798,0.4,0.0012000000000000001,소프트웨어개발및공급업,0.2,0.14,417200(LS머트리얼즈):+23.6% | 222080(씨아이에스):-2.3% | 336570(원텍):-9.7% | 225570(넥슨게임즈):+0.3% | 108860(셀바스AI):-3.6% | 200130(콜마비앤에이치):-8.3% | 323990(박셀바이오):+12.3% | 310200(애니플러스):-9.2% | 000210(DL):+8.0% | 348150(고바이오랩):+8.6%,2023-2024,2025
20251114,2025,0.00444415554229427,0.00534896961494782,0.019629767673003062,-0.015185612130708792,0.0009000000000000002,0.30000000000000004,0.006087999999999982,0.0,0.12554159664573997,0.007224569560875056,0.010239299016805398,0.04883294614008973,0.028370650513995066,0.03876160131636332,0,0.03165117159840512,0.000879300100060763,0.030771871498344358,0.008544982778873722,0.30000000000000004,0.0009000000000000002,소프트웨어개발및공급업,0.3,0.18000000000000005,222080(씨아이에스):+3.2% | 200130(콜마비앤에이치):-0.0% | 348150(고바이오랩):+14.3% | 323990(박셀바이오):+4.8% | 101730(위메이드맥스):-4.0% | 225570(넥슨게임즈):-7.9% | 272290(이녹스첨단소재):-3.4% | 336570(원텍):+0.5% | 108860(셀바스AI):-4.8% | 120030(조선선재):+2.4%,2023-2024,2025
20251215,2025,-0.018399539006406562,-0.017515302778907567,0.22654876499155763,-0.2449483039979642,0.0009000000000000002,0.30000000000000004,0.004782999999999982,0.0,-0.008819051654461155,0.03285840470093497,0.0025081108838731557,-0.0253736668911942,0.0025131570381680944,-0.020252023489813,0,-0.0177342967629624,-0.005780193258019036,-0.011954103504943366,-0.03631639389297414,0.19999999999999996,0.0005999999999999998,소프트웨어개발및공급업,0.3,0.18000000000000005,101730(위메이드맥스):-7.1% | 222080(씨아이에스):-14.3% | 253590(네오셈):+15.2% | 348150(고바이오랩):-12.3% | 336570(원텍):+4.5% | 093370(후성):-6.3% | 200130(콜마비앤에이치):-9.4% | 225570(넥슨게임즈):+0.4% | 108860(셀바스AI):-8.3% | 214430(아이쓰리시스템):+19.8%,2023-2024,2025
