date,test_year,sector,weight,sector_forward_return,contribution
20170102,2017,"회사본부,지주회사및경영컨설팅서비스업",0.4,0.06897652974802848,0.027590611899211394
20170102,2017,UNMAPPED_SECTOR,0.2,0.07144136249491351,0.014288272498982702
20170102,2017,반도체제조업,0.2,-0.012447720527384298,-0.0024895441054768597
20170102,2017,특수목적용기계제조업,0.2,-0.0580197131499659,-0.011603942629993182
20170202,2017,특수목적용기계제조업,0.2,0.057911224998283994,0.0115822449996568
20170202,2017,1차철강제조업,0.1,0.024569300519817094,0.0024569300519817097
20170202,2017,UNMAPPED_SECTOR,0.1,-0.003678527317555247,-0.0003678527317555247
20170202,2017,기초화학물질제조업,0.1,0.02886515194509265,0.002886515194509265
20170202,2017,기타식품제조업,0.1,-0.02331005921128393,-0.002331005921128393
20170202,2017,소프트웨어개발및공급업,0.1,-4.642787785869018e-05,-4.642787785869018e-06
20170202,2017,통신및방송장비제조업,0.1,0.16120118637774694,0.016120118637774693
20170202,2017,플라스틱제품제조업,0.1,-0.0723634487136301,-0.00723634487136301
20170202,2017,"회사본부,지주회사및경영컨설팅서비스업",0.1,0.3835182205192502,0.03835182205192503
20170306,2017,UNMAPPED_SECTOR,0.1,-0.006407530750699997,-0.0006407530750699997
20170306,2017,"구조용금속제품,탱크및증기발생기제조업",0.1,-0.14115831935022338,-0.01411583193502234
20170306,2017,소프트웨어개발및공급업,0.1,0.1492778449526333,0.01492778449526333
20170306,2017,"시멘트,석회,플라스터및그제품제조업",0.1,0.0858084472248557,0.00858084472248557
20170306,2017,영상및음향기기제조업,0.1,0.7959625160968764,0.07959625160968764
20170306,2017,의약품제조업,0.1,0.0623057075895872,0.00623057075895872
20170306,2017,자연과학및공학연구개발업,0.1,0.13790356025463346,0.013790356025463347
20170306,2017,전자부품제조업,0.1,0.02545334131550714,0.002545334131550714
20170306,2017,"측정,시험,항해,제어및기타정밀기기제조업;광학기기제외",0.1,-0.02488304064800051,-0.002488304064800051
20170306,2017,특수목적용기계제조업,0.1,0.17085430709919147,0.017085430709919146
20170404,2017,소프트웨어개발및공급업,0.2,-0.031813456277226315,-0.006362691255445263
20170404,2017,전자부품제조업,0.2,-0.051884577970797874,-0.010376915594159576
20170404,2017,UNMAPPED_SECTOR,0.1,0.0477414439192414,0.00477414439192414
20170404,2017,기초화학물질제조업,0.1,-0.0020425902266754115,-0.00020425902266754117
20170404,2017,기타화학제품제조업,0.1,0.03064252307169224,0.003064252307169224
20170404,2017,반도체제조업,0.1,0.05863791357560877,0.005863791357560877
20170404,2017,의약품제조업,0.1,-0.03686281133656433,-0.0036862811336564327
20170404,2017,회사본부및경영컨설팅서비스업,0.1,-0.0104358840172325,-0.00104358840172325
20170508,2017,의약품제조업,0.3,-0.10250797768553865,-0.030752393305661596
20170508,2017,기초의약물질제조업,0.1,0.03791520916368385,0.0037915209163683853
20170508,2017,소프트웨어개발및공급업,0.1,0.09073779344718114,0.009073779344718114
20170508,2017,영상및음향기기제조업,0.1,0.0741989534642733,0.0074198953464273305
20170508,2017,전자부품제조업,0.1,0.01841271402504896,0.001841271402504896
20170508,2017,통신및방송장비제조업,0.1,-0.06752842808434223,-0.006752842808434223
20170508,2017,특수목적용기계제조업,0.1,-0.06420699639369654,-0.006420699639369654
20170508,2017,회사본부및경영컨설팅서비스업,0.1,0.21652405011659126,0.021652405011659128
20170608,2017,전자부품제조업,0.3,-0.11877704334195394,-0.03563311300258618
20170608,2017,1차철강제조업,0.1,-0.02781893297792104,-0.002781893297792104
20170608,2017,도시락및식사용조리식품제조업,0.1,-0.08545757617533511,-0.008545757617533511
20170608,2017,반도체제조업,0.1,-0.01200589873533664,-0.001200589873533664
20170608,2017,봉제의복제조업,0.1,-0.02455052251656753,-0.0024550522516567533
20170608,2017,통신및방송장비제조업,0.1,-0.102241545548027,-0.010224154554802701
20170608,2017,특수목적용기계제조업,0.1,0.08113107747269455,0.008113107747269454
20170608,2017,회사본부및경영컨설팅서비스업,0.1,-0.0854424194466874,-0.00854424194466874
20170707,2017,전자부품제조업,0.2,-0.06013200106187011,-0.012026400212374022
20170707,2017,1차철강제조업,0.1,0.03253938750547647,0.003253938750547647
20170707,2017,"구조용금속제품,탱크및증기발생기제조업",0.1,0.08771261988683698,0.008771261988683698
20170707,2017,기초화학물질제조업,0.1,0.18674063021221454,0.018674063021221456
20170707,2017,봉제의복제조업,0.1,-0.011051875909847797,-0.0011051875909847797
20170707,2017,상품종합도매업,0.1,-0.019345354370180035,-0.0019345354370180036
20170707,2017,"시멘트,석회,플라스터및그제품제조업",0.1,-0.008781747534177264,-0.0008781747534177264
20170707,2017,자연과학및공학연구개발업,0.1,1.2665421759376745,0.12665421759376747
20170707,2017,"전동기,발전기및전기변환ㆍ공급ㆍ제어장치제조업",0.1,-0.06917287421957496,-0.006917287421957497
20170807,2017,전자부품제조업,0.4,-0.03712048116398181,-0.014848192465592725
20170807,2017,소프트웨어개발및공급업,0.2,-0.014287150790531444,-0.002857430158106289
20170807,2017,통신및방송장비제조업,0.2,0.07065252318280568,0.014130504636561137
20170807,2017,특수목적용기계제조업,0.2,-0.15707052343801886,-0.03141410468760377
20170906,2017,소프트웨어개발및공급업,0.2,-0.1039909764299185,-0.0207981952859837
20170906,2017,의약품제조업,0.2,0.05045958517154814,0.010091917034309629
20170906,2017,전자부품제조업,0.2,-0.1315784941139232,-0.02631569882278464
20170906,2017,통신및방송장비제조업,0.2,0.0722806260992288,0.014456125219845762
20170906,2017,특수목적용기계제조업,0.2,-0.0039018986859885585,-0.0007803797371977117
20171013,2017,의약품제조업,0.2,0.24159133660813048,0.0483182673216261
20171013,2017,UNMAPPED_SECTOR,0.1,0.008233157600035845,0.0008233157600035846
20171013,2017,기타금융업,0.1,0.08014855987123926,0.008014855987123926
20171013,2017,봉제의복제조업,0.1,0.13943739266957467,0.013943739266957467
20171013,2017,의료용품및기타의약관련제품제조업,0.1,0.6668379998151803,0.06668379998151804
20171013,2017,자동차신품부품제조업,0.1,0.13541015244077448,0.01354101524407745
20171013,2017,전자부품제조업,0.1,-0.21444505557354,-0.021444505557354
20171013,2017,통신및방송장비제조업,0.1,0.4230085097317642,0.04230085097317642
20171013,2017,특수목적용기계제조업,0.1,0.19193191383708297,0.0191931913837083
20171113,2017,UNMAPPED_SECTOR,0.3,0.10469696434873188,0.03140908930461956
20171113,2017,1차철강제조업,0.1,0.009958919785154174,0.0009958919785154174
20171113,2017,건물건설업,0.1,-0.1308087244880516,-0.01308087244880516
20171113,2017,반도체제조업,0.1,-0.0022761984605308427,-0.00022761984605308428
20171113,2017,소프트웨어개발및공급업,0.1,0.22640707496114842,0.022640707496114843
20171113,2017,의약품제조업,0.1,-0.1496702845956317,-0.01496702845956317
20171113,2017,자동차신품부품제조업,0.1,0.05769731602503314,0.005769731602503315
20171113,2017,특수목적용기계제조업,0.1,-0.031612152979094144,-0.0031612152979094144
20171212,2017,봉제의복제조업,0.2,-0.015635568249293463,-0.003127113649858693
20171212,2017,소프트웨어개발및공급업,0.2,0.0316724468194709,0.006334489363894181
20171212,2017,전자부품제조업,0.2,-0.02816821438828987,-0.005633642877657974
20171212,2017,통신및방송장비제조업,0.2,0.10842096992097283,0.021684193984194567
20171212,2017,특수목적용기계제조업,0.2,0.004032001268519547,0.0008064002537039095
20180102,2018,특수목적용기계제조업,0.2,0.04256499012124365,0.00851299802424873
20180102,2018,UNMAPPED_SECTOR,0.1,0.18777990495192598,0.0187779904951926
20180102,2018,반도체제조업,0.1,0.08162302231323504,0.008162302231323504
20180102,2018,봉제의복제조업,0.1,-0.05529238505054879,-0.005529238505054879
20180102,2018,소프트웨어개발및공급업,0.1,0.05547462749975618,0.0055474627499756185
20180102,2018,의료용기기제조업,0.1,0.007480709078343084,0.0007480709078343085
20180102,2018,의료용품및기타의약관련제품제조업,0.1,0.4121977169400648,0.04121977169400648
20180102,2018,자동차신품부품제조업,0.1,0.012285544725439523,0.0012285544725439525
20180102,2018,플라스틱제품제조업,0.1,0.008320203399045711,0.0008320203399045712
20180131,2018,반도체제조업,0.2,-0.12143813959919841,-0.024287627919839683
20180131,2018,특수목적용기계제조업,0.2,-0.03165676589322358,-0.006331353178644717
20180131,2018,기초의약물질및생물학적제제제조업,0.1,-0.050144690191795016,-0.005014469019179502
20180131,2018,기타금융업,0.1,-0.009098001627573904,-0.0009098001627573905
20180131,2018,기타화학제품제조업,0.1,-0.10815829175444269,-0.01081582917544427
20180131,2018,소프트웨어개발및공급업,0.1,-0.16040108226727234,-0.016040108226727235
20180131,2018,의약품제조업,0.1,0.08108511134870078,0.008108511134870077
20180131,2018,전자부품제조업,0.1,0.04166311599447625,0.004166311599447625
20180306,2018,의약품제조업,0.4,0.059425595358221894,0.02377023814328876
20180306,2018,기타화학제품제조업,0.2,-0.031167505252066796,-0.00623350105041336
20180306,2018,소프트웨어개발및공급업,0.2,0.2971906651958336,0.05943813303916672
20180306,2018,특수목적용기계제조업,0.2,-0.07104864235069619,-0.014209728470139238
20180404,2018,소프트웨어개발및공급업,0.4,0.025252465222912024,0.01010098608916481
20180404,2018,도시락및식사용조리식품제조업,0.2,0.1124760917599017,0.02249521835198034
20180404,2018,"영화,비디오물,방송프로그램제작및배급업",0.2,-0.14331639420854791,-0.028663278841709584
20180404,2018,의약품제조업,0.2,-0.008953229776707872,-0.0017906459553415745
20180504,2018,1차철강제조업,0.2,0.4269319362055706,0.08538638724111412
20180504,2018,기초화학물질제조업,0.2,0.35968920184162934,0.07193784036832587
20180504,2018,소프트웨어개발및공급업,0.2,-0.06886113582003983,-0.013772227164007967
20180504,2018,"시멘트,석회,플라스터및그제품제조업",0.2,0.032836628121053035,0.006567325624210607
20180504,2018,"측정,시험,항해,제어및기타정밀기기제조업;광학기기제외",0.2,-0.021268279771367804,-0.004253655954273561
20180607,2018,UNMAPPED_SECTOR,0.2,-0.05288388752925277,-0.010576777505850555
20180607,2018,소프트웨어개발및공급업,0.2,0.03785621861680655,0.00757124372336131
20180607,2018,1차철강제조업,0.1,0.43677419331090794,0.043677419331090796
20180607,2018,기타금융업,0.1,-0.09640313906706,-0.009640313906706
20180607,2018,반도체제조업,0.1,-0.06824026328245902,-0.006824026328245903
20180607,2018,봉제의복제조업,0.1,-0.14794745179091928,-0.014794745179091929
20180607,2018,의약품제조업,0.1,-0.010999315267042564,-0.0010999315267042566
20180607,2018,특수목적용기계제조업,0.1,-0.01912209040366608,-0.0019122090403666083
20180709,2018,특수목적용기계제조업,0.4,0.10672027752784585,0.04268811101113834
20180709,2018,UNMAPPED_SECTOR,0.2,0.10915218109259417,0.021830436218518837
20180709,2018,기타금융업,0.2,0.3320200194748888,0.06640400389497776
20180709,2018,전자부품제조업,0.2,0.027960519842945564,0.005592103968589113
20180807,2018,기초의약물질및생물학적제제제조업,0.1,0.1448358418453497,0.014483584184534971
20180807,2018,기초화학물질제조업,0.1,-0.03710060799591497,-0.003710060799591497
20180807,2018,기타금융업,0.1,-0.06883153873302672,-0.006883153873302673
20180807,2018,소프트웨어개발및공급업,0.1,0.02533567642081258,0.0025335676420812584
20180807,2018,"시멘트,석회,플라스터및그제품제조업",0.1,0.032568021422579196,0.00325680214225792
20180807,2018,의약품제조업,0.1,0.016180133521548345,0.0016180133521548345
20180807,2018,자동차신품부품제조업,0.1,0.16095321676192031,0.016095321676192032
20180807,2018,자연과학및공학연구개발업,0.1,0.046771270930052955,0.004677127093005296
20180807,2018,통신및방송장비제조업,0.1,-0.0143359304160664,-0.0014335930416066402
20180807,2018,"펄프,종이및판지제조업",0.1,0.12524643480409736,0.012524643480409737
20180906,2018,의약품제조업,0.4,0.18992724453375648,0.0759708978135026
20180906,2018,기타화학제품제조업,0.2,0.06886650300837127,0.013773300601674254
20180906,2018,자연과학및공학연구개발업,0.2,-0.14931589155064362,-0.029863178310128725
20180906,2018,통신및방송장비제조업,0.2,0.18582137593905101,0.0371642751878102
20181012,2018,소프트웨어개발및공급업,0.2,-0.12264532821280583,-0.024529065642561167
20181012,2018,의료용품및기타의약관련제품제조업,0.2,-0.06485579597676883,-0.012971159195353766
20181012,2018,자연과학및공학연구개발업,0.2,0.0707755832375454,0.014155116647509082
20181012,2018,토목건설업,0.2,-0.7046496547979128,-0.14092993095958256
20181012,2018,플라스틱제품제조업,0.2,0.07122614990127119,0.014245229980254237
20181112,2018,UNMAPPED_SECTOR,0.4,-0.14058013223823723,-0.0562320528952949
20181112,2018,기타화학제품제조업,0.2,0.10980230926248558,0.021960461852497115
20181112,2018,의료용기기제조업,0.2,-0.04170466026265551,-0.008340932052531103
20181112,2018,전자부품제조업,0.2,-0.11441002134771683,-0.022882004269543368
20181211,2018,기타금융업,0.4,0.2662090178705321,0.10648360714821284
20181211,2018,UNMAPPED_SECTOR,0.2,0.13033992167769948,0.026067984335539897
20181211,2018,소프트웨어개발및공급업,0.2,0.11871684270153349,0.0237433685403067
20181211,2018,통신및방송장비제조업,0.2,0.45937484537373985,0.09187496907474797
20190102,2019,"구조용금속제품,탱크및증기발생기제조업",0.2,0.0877316203574503,0.017546324071490062
20190102,2019,기초의약물질및생물학적제제제조업,0.2,0.18753766669137062,0.03750753333827413
20190102,2019,기타화학제품제조업,0.2,-0.017456752319342406,-0.0034913504638684812
20190102,2019,의약품제조업,0.2,0.013507973897253223,0.0027015947794506445
20190102,2019,일반목적용기계제조업,0.2,0.25509027920773786,0.051018055841547574
20190131,2019,기타금융업,0.2,0.04773181814841104,0.00954636362968221
20190131,2019,전자부품제조업,0.2,0.024804363540089747,0.00496087270801795
20190131,2019,특수목적용기계제조업,0.2,0.004290893613175584,0.0008581787226351168
20190131,2019,기초화학물질제조업,0.1,0.015648597199219294,0.0015648597199219294
20190131,2019,영상및음향기기제조업,0.1,-0.013682094589660743,-0.0013682094589660744
20190131,2019,일반목적용기계제조업,0.1,-0.1048310269585716,-0.010483102695857161
20190131,2019,자동차신품부품제조업,0.1,0.040239923671433475,0.0040239923671433475
20190307,2019,기타화학제품제조업,0.4,0.0724004467164725,0.028960178686589
20190307,2019,"구조용금속제품,탱크및증기발생기제조업",0.2,0.19893460197556934,0.03978692039511387
20190307,2019,일반목적용기계제조업,0.2,-0.0010055216700569636,-0.00020110433401139273
20190307,2019,전자부품제조업,0.2,0.14214075659698988,0.02842815131939798
20190405,2019,특수목적용기계제조업,0.2,0.03502505947368939,0.007005011894737879
20190405,2019,1차철강제조업,0.1,-0.1026274348533619,-0.010262743485336191
20190405,2019,기초의약물질제조업,0.1,-0.0019540598474582227,-0.00019540598474582227
20190405,2019,기타화학제품제조업,0.1,-0.06627252494635083,-0.006627252494635083
20190405,2019,"시멘트,석회,플라스터및그제품제조업",0.1,-0.023419394107026315,-0.0023419394107026315
20190405,2019,자동차신품부품제조업,0.1,-0.3243810850568738,-0.03243810850568738
20190405,2019,전자부품제조업,0.1,-0.045257490372929365,-0.004525749037292937
20190405,2019,"측정,시험,항해,제어및기타정밀기기제조업;광학기기제외",0.1,0.025427337980591824,0.0025427337980591827
20190405,2019,화학섬유제조업,0.1,-0.10050086292192728,-0.010050086292192728
20190508,2019,전자부품제조업,0.4,-0.015092198465940287,-0.006036879386376115
20190508,2019,소프트웨어개발및공급업,0.2,0.29131237387193876,0.05826247477438776
20190508,2019,"측정,시험,항해,제어및기타정밀기기제조업;광학기기제외",0.2,0.40530216229765625,0.08106043245953126
20190508,2019,특수목적용기계제조업,0.2,0.035022193837824345,0.007004438767564869
20190607,2019,전자부품제조업,0.3,-0.04753062912630098,-0.014259188737890293
20190607,2019,기초의약물질제조업,0.2,-0.13395596455968745,-0.02679119291193749
20190607,2019,기초화학물질제조업,0.1,0.001275231572561486,0.0001275231572561486
20190607,2019,기타금융업,0.1,1.622560142844876,0.1622560142844876
20190607,2019,기타화학제품제조업,0.1,0.030151538963456792,0.0030151538963456796
20190607,2019,자연과학및공학연구개발업,0.1,-0.17211302654249983,-0.017211302654249982
20190607,2019,특수목적용기계제조업,0.1,-0.12290539668749167,-0.012290539668749169
20190708,2019,특수목적용기계제조업,0.4,0.02522146639560674,0.010088586558242697
20190708,2019,도시락및식사용조리식품제조업,0.2,-0.09872124759285006,-0.019744249518570012
20190708,2019,의약품제조업,0.2,-0.09251338947072119,-0.018502677894144236
20190708,2019,전자부품제조업,0.2,-0.10316889454665579,-0.020633778909331157
20190806,2019,기초의약물질제조업,0.2,0.01692223370779633,0.0033844467415592664
20190806,2019,기타화학제품제조업,0.2,-0.03757835418279676,-0.007515670836559352
20190806,2019,소프트웨어개발및공급업,0.2,0.02364813261463583,0.004729626522927167
20190806,2019,의약품제조업,0.2,0.03341613148839406,0.006683226297678813
20190806,2019,특수목적용기계제조업,0.2,0.11220316377089401,0.022440632754178805
20190905,2019,특수목적용기계제조업,0.2,-0.053982593807646195,-0.01079651876152924
20190905,2019,기초의약물질제조업,0.1,-0.03141074300622615,-0.003141074300622615
20190905,2019,기초화학물질제조업,0.1,0.041443617925218446,0.004144361792521845
20190905,2019,기타화학제품제조업,0.1,0.023186704039608097,0.00231867040396081
20190905,2019,도시락및식사용조리식품제조업,0.1,-0.04664884455066565,-0.0046648844550665645
20190905,2019,소프트웨어개발및공급업,0.1,-0.07075047266666556,-0.007075047266666557
20190905,2019,"영화,비디오물,방송프로그램제작및배급업",0.1,-0.06977496463302302,-0.0069774964633023025
20190905,2019,의약품제조업,0.1,0.026593240295960108,0.0026593240295960108
20190905,2019,전자부품제조업,0.1,0.391524680685444,0.0391524680685444
20191010,2019,기타화학제품제조업,0.2,0.013493609717640798,0.0026987219435281595
20191010,2019,도시락및식사용조리식품제조업,0.2,-0.13278907509927507,-0.026557815019855015
20191010,2019,소프트웨어개발및공급업,0.2,0.07439999245090578,0.014879998490181158
20191010,2019,의약품제조업,0.2,0.10193353423141471,0.020386706846282944
20191010,2019,특수목적용기계제조업,0.2,0.095744373999751,0.0191488747999502
20191108,2019,특수목적용기계제조업,0.4,0.0012878853257980993,0.0005151541303192398
20191108,2019,기초화학물질제조업,0.1,0.0043092057847056164,0.00043092057847056165
20191108,2019,도시락및식사용조리식품제조업,0.1,-0.04851280640745004,-0.004851280640745004
20191108,2019,반도체제조업,0.1,0.4095412845882047,0.040954128458820474
20191108,2019,"전동기,발전기및전기변환ㆍ공급ㆍ제어장치제조업",0.1,-0.11524117619423135,-0.011524117619423136
20191108,2019,텔레비전방송업,0.1,-0.05854972155254212,-0.005854972155254212
20191108,2019,플라스틱제품제조업,0.1,-0.10276411641972416,-0.010276411641972417
20191209,2019,1차철강제조업,0.2,-0.08498171148620826,-0.016996342297241653
20191209,2019,소프트웨어개발및공급업,0.2,-0.12406019517807265,-0.024812039035614533
20191209,2019,의약품제조업,0.2,-0.04144600032349122,-0.008289200064698243
20191209,2019,전자부품제조업,0.2,0.10150929788696028,0.020301859577392056
20191209,2019,특수목적용기계제조업,0.2,0.16752125124436668,0.03350425024887334
20200102,2020,UNMAPPED_SECTOR,0.1,-0.0023621153201363043,-0.00023621153201363045
20200102,2020,"건축기술,엔지니어링및관련기술서비스업",0.1,-0.05388197259389138,-0.005388197259389139
20200102,2020,기초의약물질제조업,0.1,-0.06381024246856237,-0.006381024246856238
20200102,2020,기타화학제품제조업,0.1,0.11117585530194418,0.011117585530194419
20200102,2020,의료용기기제조업,0.1,-0.033595016450507886,-0.003359501645050789
20200102,2020,의약품제조업,0.1,0.00936011504586931,0.0009360115045869311
20200102,2020,자연과학및공학연구개발업,0.1,0.003824651806814794,0.0003824651806814794
20200102,2020,전자부품제조업,0.1,0.17084880387974355,0.017084880387974354
20200102,2020,통신및방송장비제조업,0.1,0.011086626262789778,0.001108662626278978
20200102,2020,특수목적용기계제조업,0.1,-0.10503692726009495,-0.010503692726009496
20200204,2020,전자부품제조업,0.4,-0.06990435253887983,-0.027961741015551933
20200204,2020,UNMAPPED_SECTOR,0.2,0.03226785010411226,0.006453570020822453
20200204,2020,기초의약물질제조업,0.2,0.44430173547945695,0.0888603470958914
20200204,2020,의료용기기제조업,0.2,-0.1147269291962929,-0.02294538583925858
20200304,2020,UNMAPPED_SECTOR,0.2,0.014066378255684908,0.0028132756511369816
20200304,2020,기초의약물질제조업,0.2,-0.29985513123807983,-0.059971026247615966
20200304,2020,소프트웨어개발및공급업,0.2,1.865770757078303,0.37315415141566066
20200304,2020,의료용기기제조업,0.2,0.12397919447554506,0.024795838895109015
20200304,2020,전자부품제조업,0.2,-0.27582125473791985,-0.055164250947583975
20200402,2020,기초의약물질제조업,0.2,0.21544162617794127,0.043088325235588254
20200402,2020,소프트웨어개발및공급업,0.2,0.21458897170604363,0.04291779434120873
20200402,2020,의료용기기제조업,0.2,0.14426288633608886,0.028852577267217773
20200402,2020,특수목적용기계제조업,0.2,0.18416120109783196,0.036832240219566395
20200402,2020,플라스틱제품제조업,0.2,0.23137425209904694,0.04627485041980939
20200507,2020,통신및방송장비제조업,0.2,0.11547501612255928,0.023095003224511856
20200507,2020,특수목적용기계제조업,0.2,0.11667271027971349,0.023334542055942698
20200507,2020,기초의약물질제조업,0.1,0.3967011142952268,0.03967011142952268
20200507,2020,기타화학제품제조업,0.1,0.2653663341478689,0.026536633414786893
20200507,2020,반도체제조업,0.1,0.1914820683180889,0.01914820683180889
20200507,2020,소프트웨어개발및공급업,0.1,-0.014906533271638933,-0.0014906533271638934
20200507,2020,의료용기기제조업,0.1,-0.013947739774861745,-0.0013947739774861747
20200507,2020,전자부품제조업,0.1,2.441423091492645e-05,2.441423091492645e-06
20200605,2020,기타화학제품제조업,0.2,0.21247943772467193,0.042495887544934385
20200605,2020,UNMAPPED_SECTOR,0.1,0.08610982148392443,0.008610982148392444
20200605,2020,기초화학물질제조업,0.1,0.012897445421293563,0.0012897445421293564
20200605,2020,반도체제조업,0.1,-0.07092460948278367,-0.007092460948278367
20200605,2020,전자부품제조업,0.1,0.053443047930873844,0.005344304793087385
20200605,2020,"측정,시험,항해,제어및기타정밀기기제조업;광학기기제외",0.1,-0.029410366092259332,-0.0029410366092259333
20200605,2020,통신및방송장비제조업,0.1,0.03448645653359672,0.003448645653359672
20200605,2020,특수목적용기계제조업,0.1,0.0040019607786203615,0.00040019607786203617
20200605,2020,플라스틱제품제조업,0.1,-0.09916541186602512,-0.009916541186602512
20200706,2020,기타화학제품제조업,0.4,0.09924667856160407,0.03969867142464163
20200706,2020,UNMAPPED_SECTOR,0.2,-0.11598551269810942,-0.023197102539621886
20200706,2020,기초의약물질및생물학적제제제조업,0.2,0.4411301777152843,0.08822603554305686
20200706,2020,전자부품제조업,0.2,0.07528113222729793,0.015056226445459587
20200804,2020,의약품제조업,0.4,0.30527079191039763,0.12210831676415906
20200804,2020,UNMAPPED_SECTOR,0.2,-0.018352542807384076,-0.0036705085614768154
20200804,2020,기초의약물질및생물학적제제제조업,0.2,-0.0799328139665113,-0.015986562793302263
20200804,2020,전자부품제조업,0.2,-0.14913926127763888,-0.029827852255527778
20200903,2020,전자부품제조업,0.4,0.024792953850693134,0.009917181540277254
20200903,2020,UNMAPPED_SECTOR,0.2,0.123040371783522,0.024608074356704403
20200903,2020,기타화학제품제조업,0.2,-0.06518764428239754,-0.013037528856479508
20200903,2020,"시멘트,석회,플라스터및그제품제조업",0.2,0.008671881405905912,0.0017343762811811827
20201007,2020,전자부품제조업,0.3,-0.02979627503914813,-0.008938882511744439
20201007,2020,UNMAPPED_SECTOR,0.2,0.45091355627489027,0.09018271125497807
20201007,2020,기타화학제품제조업,0.2,0.029281900120238347,0.00585638002404767
20201007,2020,기타금융업,0.1,-0.09396306094965245,-0.009396306094965246
20201007,2020,의약품제조업,0.1,0.02538944979768898,0.002538944979768898
20201007,2020,자동차신품부품제조업,0.1,0.022656105004489557,0.0022656105004489556
20201106,2020,UNMAPPED_SECTOR,0.2,0.08621243722971306,0.017242487445942613
20201106,2020,전자부품제조업,0.2,0.12038624433287293,0.024077248866574585
20201106,2020,특수목적용기계제조업,0.2,-0.05736223471455226,-0.011472446942910454
20201106,2020,1차철강제조업,0.1,-0.005859387981343223,-0.0005859387981343223
20201106,2020,기초의약물질및생물학적제제제조업,0.1,0.3631222104159366,0.036312221041593665
20201106,2020,의료용기기제조업,0.1,-0.05262832276326723,-0.005262832276326724
20201106,2020,자연과학및공학연구개발업,0.1,0.043002822557302256,0.004300282255730226
20201207,2020,기타화학제품제조업,0.2,0.04622121284105962,0.009244242568211925
20201207,2020,소프트웨어개발및공급업,0.2,-0.008921220953237052,-0.0017842441906474106
20201207,2020,UNMAPPED_SECTOR,0.1,0.074668938551957,0.0074668938551957
20201207,2020,기초의약물질및생물학적제제제조업,0.1,-0.037618210878457736,-0.003761821087845774
20201207,2020,기초화학물질제조업,0.1,0.07448396485193354,0.007448396485193354
20201207,2020,의료용기기제조업,0.1,0.03319575216071602,0.003319575216071602
20201207,2020,자동차신품부품제조업,0.1,0.3882610943668079,0.03882610943668079
20201207,2020,통신및방송장비제조업,0.1,0.0623802675138454,0.00623802675138454
20210104,2021,전자부품제조업,0.2,-0.022065727001629343,-0.004413145400325869
20210104,2021,기초의약물질및생물학적제제제조업,0.1,-0.03926301692228151,-0.003926301692228152
20210104,2021,반도체제조업,0.1,-0.08992232467547145,-0.008992232467547146
20210104,2021,소프트웨어개발및공급업,0.1,-0.020722577737441905,-0.0020722577737441908
20210104,2021,"영화,비디오물,방송프로그램제작및배급업",0.1,0.4500738937214508,0.04500738937214508
20210104,2021,자동차신품부품제조업,0.1,0.056598532014515035,0.005659853201451504
20210104,2021,자연과학및공학연구개발업,0.1,-0.14056586889357714,-0.014056586889357715
20210104,2021,"측정,시험,항해,제어및기타정밀기기제조업;광학기기제외",0.1,0.04183029543938677,0.004183029543938677
20210104,2021,특수목적용기계제조업,0.1,-0.0847753959321077,-0.00847753959321077
20210202,2021,기초의약물질및생물학적제제제조업,0.2,-0.09149267292124308,-0.018298534584248616
20210202,2021,소프트웨어개발및공급업,0.2,0.1289030547686283,0.02578061095372566
20210202,2021,자연과학및공학연구개발업,0.2,0.08894199051200924,0.017788398102401848
20210202,2021,전자부품제조업,0.2,-0.1100682121736477,-0.022013642434729544
20210202,2021,특수목적용기계제조업,0.2,-0.13865168498172042,-0.027730336996344085
20210308,2021,특수목적용기계제조업,0.4,0.02382881128065456,0.009531524512261825
20210308,2021,소프트웨어개발및공급업,0.2,0.10993455312238365,0.021986910624476733
20210308,2021,자연과학및공학연구개발업,0.2,0.13041761561882903,0.026083523123765807
20210308,2021,전자부품제조업,0.2,0.03599939302273669,0.007199878604547339
20210406,2021,UNMAPPED_SECTOR,0.1,-0.13497736339062516,-0.013497736339062517
20210406,2021,기초의약물질제조업,0.1,-0.025045123209192055,-0.0025045123209192057
20210406,2021,기타화학제품제조업,0.1,0.06448980152174633,0.006448980152174633
20210406,2021,반도체제조업,0.1,0.08561633689731019,0.00856163368973102
20210406,2021,"영화,비디오물,방송프로그램제작및배급업",0.1,-0.12302064258857359,-0.01230206425885736
20210406,2021,의료용기기제조업,0.1,-0.013875903093449549,-0.001387590309344955
20210406,2021,자동차신품부품제조업,0.1,0.3027779877392571,0.030277798773925713
20210406,2021,전자부품제조업,0.1,0.010024809786906896,0.0010024809786906897
20210406,2021,통신및방송장비제조업,0.1,-0.08750922284177687,-0.008750922284177688
20210406,2021,특수목적용기계제조업,0.1,-0.07952543148093483,-0.007952543148093483
20210506,2021,기초의약물질제조업,0.2,-0.003175517729708699,-0.0006351035459417399
20210506,2021,기초화학물질제조업,0.2,-0.02382749323367317,-0.0047654986467346346
20210506,2021,의약품제조업,0.2,0.05041386269997128,0.010082772539994256
20210506,2021,전자부품제조업,0.2,-0.06110071112348403,-0.012220142224696806
20210506,2021,통신및방송장비제조업,0.2,0.05560354759412345,0.011120709518824691
20210607,2021,전자부품제조업,0.3,0.04008904297252517,0.01202671289175755
20210607,2021,특수목적용기계제조업,0.2,-0.030860959370397123,-0.006172191874079425
20210607,2021,기초의약물질제조업,0.1,0.03765271291153782,0.0037652712911537822
20210607,2021,"시멘트,석회,플라스터및그제품제조업",0.1,0.08416244732620437,0.008416244732620438
20210607,2021,자동차신품부품제조업,0.1,0.03959982629729941,0.003959982629729942
20210607,2021,"전동기,발전기및전기변환ㆍ공급ㆍ제어장치제조업",0.1,-0.06886394338461943,-0.006886394338461943
20210607,2021,통신및방송장비제조업,0.1,0.007384561319042859,0.000738456131904286
20210706,2021,의약품제조업,0.2,0.39870105629038854,0.07974021125807772
20210706,2021,자동차신품부품제조업,0.2,-0.05100136955959461,-0.010200273911918923
20210706,2021,기초의약물질제조업,0.1,0.0716267492828715,0.007162674928287149
20210706,2021,기타전문도매업,0.1,-0.06118492624375882,-0.006118492624375882
20210706,2021,일반목적용기계제조업,0.1,0.5509244570000473,0.05509244570000474
20210706,2021,"자료처리,호스팅,포털및기타인터넷정보매개서비스업",0.1,-0.13451948234640265,-0.013451948234640266
20210706,2021,"측정,시험,항해,제어및기타정밀기기제조업;광학기기제외",0.1,0.006841352649996857,0.0006841352649996857
20210706,2021,특수목적용기계제조업,0.1,0.0476821469963391,0.0047682146996339105
20210804,2021,자연과학및공학연구개발업,0.2,-0.03883968981684416,-0.007767937963368832
20210804,2021,건물건설업,0.1,-0.052150593339882145,-0.005215059333988215
20210804,2021,기초의약물질제조업,0.1,-0.04220451269943393,-0.004220451269943393
20210804,2021,기타전문도매업,0.1,-0.0982544737657376,-0.00982544737657376
20210804,2021,소프트웨어개발및공급업,0.1,0.025544891656489765,0.002554489165648977
20210804,2021,의약품제조업,0.1,0.02171276059675953,0.0021712760596759527
20210804,2021,"자료처리,호스팅,포털및기타인터넷정보매개서비스업",0.1,-0.16631538432783421,-0.01663153843278342
20210804,2021,통신및방송장비제조업,0.1,-0.09124802867063897,-0.009124802867063898
20210804,2021,특수목적용기계제조업,0.1,-0.059058907566686414,-0.005905890756668641
20210903,2021,특수목적용기계제조업,0.2,-0.206844072125775,-0.041368814425155
20210903,2021,1차철강제조업,0.1,-0.0787570369211179,-0.007875703692111791
20210903,2021,건물건설업,0.1,-0.0945581945804076,-0.00945581945804076
20210903,2021,기타금융업,0.1,-0.18472934107147532,-0.018472934107147534
20210903,2021,소프트웨어개발및공급업,0.1,-0.03946974264386793,-0.0039469742643867935
20210903,2021,의료용품및기타의약관련제품제조업,0.1,-0.06242832865886516,-0.006242832865886516
20210903,2021,자동차신품부품제조업,0.1,-0.18902005955832424,-0.018902005955832427
20210903,2021,"자료처리,호스팅,포털및기타인터넷정보매개서비스업",0.1,-0.2238229452534608,-0.022382294525346083
20210903,2021,"측정,시험,항해,제어및기타정밀기기제조업;광학기기제외",0.1,-0.17043033517764128,-0.01704303351776413
20211008,2021,1차철강제조업,0.2,-0.009358898556687922,-0.0018717797113375846
20211008,2021,소프트웨어개발및공급업,0.2,0.04993939576149331,0.009987879152298663
20211008,2021,의료용기기제조업,0.2,-0.04484539679863453,-0.008969079359726906
20211008,2021,일반목적용기계제조업,0.2,-0.11522244234457102,-0.023044488468914204
20211008,2021,자연과학및공학연구개발업,0.2,-0.007543070196134871,-0.0015086140392269742
20211109,2021,1차철강제조업,0.2,0.02595112670087696,0.005190225340175392
20211109,2021,생활용품도매업,0.2,0.1993253074460719,0.039865061489214385
20211109,2021,의약품제조업,0.2,0.06077777353165814,0.01215555470633163
20211109,2021,일반목적용기계제조업,0.2,0.014318817255616567,0.0028637634511233137
20211109,2021,"자료처리,호스팅,포털및기타인터넷정보매개서비스업",0.2,-0.03080849796436891,-0.006161699592873782
20211208,2021,기타금융업,0.2,-0.015795311625356245,-0.0031590623250712492
20211208,2021,기초의약물질제조업,0.1,0.0015571165387280317,0.00015571165387280318
20211208,2021,기초화학물질제조업,0.1,0.055097713351450084,0.005509771335145009
20211208,2021,부동산임대및공급업,0.1,0.031145624967282348,0.003114562496728235
20211208,2021,자동차신품부품제조업,0.1,0.06481131090596381,0.006481131090596382
20211208,2021,"자료처리,호스팅,포털및기타인터넷정보매개서비스업",0.1,0.005018043270111239,0.0005018043270111239
20211208,2021,자연과학및공학연구개발업,0.1,-0.007322428471507769,-0.000732242847150777
20211208,2021,특수목적용기계제조업,0.1,0.020394906092080944,0.0020394906092080947
20211208,2021,플라스틱제품제조업,0.1,-0.046266913868068804,-0.00462669138680688
20220103,2022,기타금융업,0.2,-0.051290692299209684,-0.010258138459841937
20220103,2022,의료용기기제조업,0.2,-0.23239458648249445,-0.04647891729649889
20220103,2022,자연과학및공학연구개발업,0.2,-0.2056936261139264,-0.04113872522278528
20220103,2022,전자부품제조업,0.2,-0.09422998413637673,-0.01884599682727535
20220103,2022,특수목적용기계제조업,0.2,-0.10752525542672975,-0.02150505108534595
20220204,2022,의약품제조업,0.2,-0.08714939585361137,-0.017429879170722275
20220204,2022,전자부품제조업,0.2,0.024518438802382247,0.0049036877604764495
20220204,2022,"측정,시험,항해,제어및기타정밀기기제조업;광학기기제외",0.2,,
20220204,2022,통신및방송장비제조업,0.2,-0.017731773599561795,-0.003546354719912359
20220204,2022,특수목적용기계제조업,0.2,-0.0023537402720851253,-0.0004707480544170251
20220308,2022,"영화,비디오물,방송프로그램제작및배급업",0.2,1.0286818524627956,0.20573637049255913
20220308,2022,의약품제조업,0.2,0.00491386561677043,0.000982773123354086
20220308,2022,자연과학및공학연구개발업,0.2,-0.009009189755701086,-0.0018018379511402173
20220308,2022,"전동기,발전기및전기변환ㆍ공급ㆍ제어장치제조업",0.2,0.01424701786372573,0.0028494035727451464
20220308,2022,전자부품제조업,0.2,-0.04616471461131888,-0.009232942922263777
20220407,2022,"그외기타전문,과학및기술서비스업",0.2,-0.10447275917829957,-0.020894551835659914
20220407,2022,소프트웨어개발및공급업,0.2,-0.21454608342559311,-0.04290921668511863
20220407,2022,의료용품및기타의약관련제품제조업,0.2,-0.11726034711146105,-0.02345206942229221
20220407,2022,의약품제조업,0.2,-0.11779483238357247,-0.023558966476714495
20220407,2022,전자부품제조업,0.2,-0.013725735537318928,-0.002745147107463786
20220509,2022,소프트웨어개발및공급업,0.4,0.14560110138775773,0.05824044055510309
20220509,2022,자연과학및공학연구개발업,0.4,0.6349442936096524,0.253977717443861
20220509,2022,의료용품및기타의약관련제품제조업,0.2,0.28093839515073205,0.05618767903014641
20220609,2022,기계장비및관련물품도매업,0.2,-0.05258281508916873,-0.010516563017833748
20220609,2022,소프트웨어개발및공급업,0.2,-0.17781727970450356,-0.03556345594090071
20220609,2022,의약품제조업,0.2,-0.10013117654443304,-0.02002623530888661
20220609,2022,전자부품제조업,0.2,0.5545027345809741,0.11090054691619483
20220609,2022,플라스틱제품제조업,0.2,0.08459036531073383,0.016918073062146766
20220708,2022,기타금융업,0.2,0.26517845329487466,0.053035690658974934
20220708,2022,소프트웨어개발및공급업,0.2,0.0715380900078415,0.014307618001568302
20220708,2022,의료용기기제조업,0.2,0.07934124479562854,0.015868248959125707
20220708,2022,자연과학및공학연구개발업,0.2,0.010944549088990563,0.002188909817798113
20220708,2022,전자부품제조업,0.2,0.0691149999553533,0.013822999991070662
20220808,2022,전자부품제조업,0.2,-0.1578242117150152,-0.031564842343003045
20220808,2022,기타식품제조업,0.1,0.27564715374352056,0.027564715374352056
20220808,2022,무점포소매업,0.1,-0.2496899956621622,-0.024968999566216222
20220808,2022,소프트웨어개발및공급업,0.1,-0.018982905308373654,-0.0018982905308373656
20220808,2022,"영화,비디오물,방송프로그램제작및배급업",0.1,-0.07409381992932251,-0.007409381992932252
20220808,2022,의약품제조업,0.1,-0.10286026137046667,-0.010286026137046668
20220808,2022,일반목적용기계제조업,0.1,-0.024052488047490828,-0.002405248804749083
20220808,2022,특수목적용기계제조업,0.1,-0.11196173323790803,-0.011196173323790803
20220808,2022,플라스틱제품제조업,0.1,-0.061677319106046125,-0.006167731910604613
20220907,2022,"그외기타전문,과학및기술서비스업",0.2,-0.030162502751863274,-0.006032500550372655
20220907,2022,기타금융업,0.2,-0.15473870922225563,-0.030947741844451128
20220907,2022,소프트웨어개발및공급업,0.2,-0.05770334725674087,-0.011540669451348174
20220907,2022,의료용품및기타의약관련제품제조업,0.2,-0.24776026462405998,-0.049552052924812
20220907,2022,전자부품제조업,0.2,-0.09601559988763997,-0.019203119977527994
20221012,2022,소프트웨어개발및공급업,0.4,0.15916015078548618,0.06366406031419447
20221012,2022,UNMAPPED_SECTOR,0.2,0.14851247512410493,0.029702495024820988
20221012,2022,기타금융업,0.2,0.5506187425006894,0.1101237485001379
20221012,2022,전자부품제조업,0.2,-0.03677965210633094,-0.007355930421266189
20221110,2022,소프트웨어개발및공급업,0.3,0.0540671960101761,0.01622015880305283
20221110,2022,기타화학제품제조업,0.1,0.036759233922770695,0.0036759233922770695
20221110,2022,의료용기기제조업,0.1,0.05859644377328088,0.005859644377328089
20221110,2022,자동차신품부품제조업,0.1,-0.01891157506067198,-0.0018911575060671982
20221110,2022,전자부품제조업,0.1,-0.0295947460626641,-0.0029594746062664105
20221110,2022,통신및방송장비제조업,0.1,-0.027861445991597567,-0.002786144599159757
20221110,2022,특수목적용기계제조업,0.1,0.373590390041997,0.0373590390041997
20221110,2022,플라스틱제품제조업,0.1,-0.1272335635236963,-0.012723356352369632
20221209,2022,기타화학제품제조업,0.4,-0.017017586802655693,-0.006807034721062278
20221209,2022,의료용기기제조업,0.2,-0.021743003584265952,-0.004348600716853191
20221209,2022,전자부품제조업,0.2,0.028978250405035988,0.005795650081007198
20221209,2022,"측정,시험,항해,제어및기타정밀기기제조업;광학기기제외",0.2,0.11949656944490306,0.023899313888980613
20230102,2023,특수목적용기계제조업,0.4,0.21434424151774556,0.08573769660709823
20230102,2023,기타화학제품제조업,0.2,0.3264754089928401,0.06529508179856802
20230102,2023,소프트웨어개발및공급업,0.2,0.32871184685935173,0.06574236937187035
20230102,2023,통신및방송장비제조업,0.2,0.047502909248974934,0.009500581849794987
20230202,2023,소프트웨어개발및공급업,0.2,-0.08037949926757942,-0.016075899853515884
20230202,2023,전자부품제조업,0.2,0.13845285856011036,0.027690571712022074
20230202,2023,기초의약물질및생물학적제제제조업,0.1,-0.11825503145934602,-0.011825503145934602
20230202,2023,기타금융업,0.1,0.08712329701738564,0.008712329701738564
20230202,2023,기타전문도매업,0.1,0.004044277280760733,0.00040442772807607334
20230202,2023,부동산임대및공급업,0.1,-0.10485352107943346,-0.010485352107943347
20230202,2023,"측정,시험,항해,제어및기타정밀기기제조업;광학기기제외",0.1,0.09324293316464338,0.009324293316464338
20230202,2023,특수목적용기계제조업,0.1,0.1333377592686833,0.013333775926868331
20230306,2023,의약품제조업,0.3,0.05909848022614669,0.017729544067844005
20230306,2023,특수목적용기계제조업,0.2,0.08811659349713763,0.017623318699427525
20230306,2023,기초의약물질및생물학적제제제조업,0.1,-0.08553477871694537,-0.008553477871694538
20230306,2023,기타금융업,0.1,-0.011388095501506545,-0.0011388095501506546
20230306,2023,소프트웨어개발및공급업,0.1,0.05934828631731559,0.005934828631731559
20230306,2023,자연과학및공학연구개발업,0.1,0.30084106414707423,0.030084106414707424
20230306,2023,전자부품제조업,0.1,-0.0666498037637343,-0.006664980376373431
20230404,2023,"영화,비디오물,방송프로그램제작및배급업",0.2,0.09087600524698258,0.018175201049396517
20230404,2023,기초의약물질제조업,0.1,-0.05521181254242369,-0.005521181254242369
20230404,2023,기타전문도매업,0.1,0.033064611716543624,0.0033064611716543627
20230404,2023,소프트웨어개발및공급업,0.1,0.0015000002395610945,0.00015000002395610946
20230404,2023,의료용품및기타의약관련제품제조업,0.1,-0.039913742301956656,-0.003991374230195666
20230404,2023,자동차신품부품제조업,0.1,0.13170063575518998,0.013170063575518998
20230404,2023,전자부품제조업,0.1,-0.10620626064985539,-0.010620626064985539
20230404,2023,통신및방송장비제조업,0.1,-0.09581056175727987,-0.009581056175727987
20230404,2023,플라스틱제품제조업,0.1,0.24576209856885667,0.024576209856885668
20230504,2023,기초의약물질제조업,0.2,-0.042782664710141804,-0.008556532942028362
20230504,2023,소프트웨어개발및공급업,0.2,-0.1562015971044436,-0.03124031942088872
20230504,2023,"영화,비디오물,방송프로그램제작및배급업",0.2,-0.0014614736400020423,-0.00029229472800040845
20230504,2023,전자부품제조업,0.2,0.09182689558335055,0.018365379116670112
20230504,2023,특수목적용기계제조업,0.2,0.06338413184152669,0.01267682636830534
20230607,2023,특수목적용기계제조업,0.4,-0.04071740755021597,-0.01628696302008639
20230607,2023,기초의약물질제조업,0.1,-0.15059915575357763,-0.015059915575357763
20230607,2023,기타화학제품제조업,0.1,-0.08689876097261895,-0.008689876097261896
20230607,2023,반도체제조업,0.1,-0.02296659465207518,-0.002296659465207518
20230607,2023,소프트웨어개발및공급업,0.1,-0.16574504333004658,-0.01657450433300466
20230607,2023,의료용기기제조업,0.1,-0.37986328014771464,-0.03798632801477147
20230607,2023,전자부품제조업,0.1,0.18471327058671094,0.018471327058671095
20230706,2023,전자부품제조업,0.4,0.06283357584190319,0.025133430336761277
20230706,2023,특수목적용기계제조업,0.4,0.041573991089560225,0.016629596435824092
20230706,2023,반도체제조업,0.2,-0.06459778426787177,-0.012919556853574356
20230804,2023,전자부품제조업,0.4,-0.13945427134274258,-0.05578170853709703
20230804,2023,UNMAPPED_SECTOR,0.2,-0.004162756767442821,-0.0008325513534885643
20230804,2023,의약품제조업,0.2,0.08634422017120658,0.017268844034241317
20230804,2023,특수목적용기계제조업,0.2,-0.008387453535060096,-0.0016774907070120195
20230905,2023,UNMAPPED_SECTOR,0.2,-0.04508828448004987,-0.009017656896009973
20230905,2023,기타화학제품제조업,0.1,-0.17363817419912886,-0.017363817419912886
20230905,2023,반도체제조업,0.1,-0.08654913682593746,-0.008654913682593746
20230905,2023,소프트웨어개발및공급업,0.1,-0.12950196436377215,-0.012950196436377216
20230905,2023,"시멘트,석회,플라스터및그제품제조업",0.1,0.030965779419510175,0.0030965779419510177
20230905,2023,"영화,비디오물,방송프로그램제작및배급업",0.1,-0.07564225034953376,-0.007564225034953376
20230905,2023,자연과학및공학연구개발업,0.1,-0.07292234060740965,-0.007292234060740966
20230905,2023,전자부품제조업,0.1,-0.12123158928235944,-0.012123158928235945
20230905,2023,특수목적용기계제조업,0.1,-0.16720011219875652,-0.016720011219875652
20231011,2023,UNMAPPED_SECTOR,0.4,0.3818531252675327,0.1527412501070131
20231011,2023,기타화학제품제조업,0.2,-0.0477299812039349,-0.009545996240786982
20231011,2023,전자부품제조업,0.2,0.0014692828333522368,0.0002938565666704474
20231011,2023,특수목적용기계제조업,0.2,-0.019778095963746134,-0.003955619192749227
20231109,2023,기타화학제품제조업,0.3,0.3032427124657057,0.09097281373971171
20231109,2023,반도체제조업,0.2,0.045385113045559033,0.009077022609111807
20231109,2023,1차철강제조업,0.1,0.1837608125947301,0.01837608125947301
20231109,2023,UNMAPPED_SECTOR,0.1,-0.00634381126989314,-0.0006343811269893141
20231109,2023,소프트웨어개발및공급업,0.1,-0.003922582758766335,-0.00039225827587663353
20231109,2023,통신및방송장비제조업,0.1,0.009289646766979853,0.0009289646766979854
20231109,2023,특수목적용기계제조업,0.1,-0.01049483135872109,-0.001049483135872109
20231208,2023,소프트웨어개발및공급업,0.2,0.14041312469740297,0.028082624939480594
20231208,2023,1차철강제조업,0.1,0.03976622123516904,0.003976622123516904
20231208,2023,UNMAPPED_SECTOR,0.1,-0.09047181967006834,-0.009047181967006835
20231208,2023,기초화학물질제조업,0.1,0.11350498379812102,0.011350498379812102
20231208,2023,기타화학제품제조업,0.1,0.010578050453037946,0.0010578050453037946
20231208,2023,자동차신품부품제조업,0.1,0.1738662783624647,0.017386627836246473
20231208,2023,전자부품제조업,0.1,-0.02082274680357976,-0.0020822746803579764
20231208,2023,통신및방송장비제조업,0.1,0.12479215425632484,0.012479215425632484
20231208,2023,특수목적용기계제조업,0.1,-0.16034158158965306,-0.016034158158965306
20240102,2024,"그외기타전문,과학및기술서비스업",0.1,0.015406889152076442,0.0015406889152076442
20240102,2024,기초화학물질제조업,0.1,0.025609995273042196,0.00256099952730422
20240102,2024,기타전문도매업,0.1,-0.12071315967516161,-0.012071315967516162
20240102,2024,기타화학제품제조업,0.1,0.01703452865554933,0.0017034528655549331
20240102,2024,소프트웨어개발및공급업,0.1,0.08170258586219603,0.008170258586219604
20240102,2024,"시멘트,석회,플라스터및그제품제조업",0.1,-0.01859735537729068,-0.0018597355377290683
20240102,2024,의료용기기제조업,0.1,-0.005306275831061691,-0.0005306275831061691
20240102,2024,자연과학및공학연구개발업,0.1,-0.07151127948327274,-0.0071511279483272745
20240102,2024,전자부품제조업,0.1,-0.12622773578938296,-0.012622773578938297
20240102,2024,특수목적용기계제조업,0.1,0.07286048053620187,0.007286048053620187
20240131,2024,기초의약물질및생물학적제제제조업,0.2,-0.12173776494749533,-0.024347552989499067
20240131,2024,기타식품제조업,0.2,0.018394699854323626,0.0036789399708647254
20240131,2024,기타화학제품제조업,0.2,-0.0558351517343727,-0.011167030346874541
20240131,2024,자동차신품부품제조업,0.2,0.08163432028040751,0.016326864056081504
20240131,2024,자연과학및공학연구개발업,0.2,0.0744579329882673,0.014891586597653462
20240305,2024,1차비철금속제조업,0.1,-0.06803893720672105,-0.006803893720672105
20240305,2024,1차철강제조업,0.1,-0.0908052112021065,-0.00908052112021065
20240305,2024,기초의약물질및생물학적제제제조업,0.1,0.08760558602886226,0.008760558602886227
20240305,2024,기타금융업,0.1,-0.038973605464090344,-0.0038973605464090347
20240305,2024,기타식품제조업,0.1,0.04774951293311269,0.00477495129331127
20240305,2024,"시멘트,석회,플라스터및그제품제조업",0.1,0.01002388302904289,0.001002388302904289
20240305,2024,영상및음향기기제조업,0.1,-0.06995865902189713,-0.006995865902189713
20240305,2024,자연과학및공학연구개발업,0.1,0.1428305335666027,0.01428305335666027
20240305,2024,전자부품제조업,0.1,0.34273284067693477,0.03427328406769348
20240305,2024,"컴퓨터프로그래밍,시스템통합및관리업",0.1,0.14692022070830757,0.014692022070830757
20240403,2024,소프트웨어개발및공급업,0.2,-0.04216228311650533,-0.008432456623301067
20240403,2024,기초의약물질제조업,0.1,-0.005117710155319144,-0.0005117710155319145
20240403,2024,기초화학물질제조업,0.1,-0.07131343723379491,-0.007131343723379491
20240403,2024,기타금융업,0.1,0.028909925055774943,0.0028909925055774946
20240403,2024,일반목적용기계제조업,0.1,0.0023394884433809437,0.00023394884433809439
20240403,2024,일차전지및이차전지제조업,0.1,0.032609136637463454,0.0032609136637463455
20240403,2024,전자부품제조업,0.1,-0.077895747583415,-0.0077895747583415
20240403,2024,통신및방송장비제조업,0.1,0.08637644880409234,0.008637644880409235
20240403,2024,회사본부및경영컨설팅서비스업,0.1,-0.02400463145726095,-0.002400463145726095
20240507,2024,1차철강제조업,0.1,-0.037726909550616194,-0.0037726909550616196
20240507,2024,UNMAPPED_SECTOR,0.1,-0.005326089517746491,-0.0005326089517746491
20240507,2024,기초의약물질제조업,0.1,-0.03732905056927949,-0.003732905056927949
20240507,2024,기타금융업,0.1,0.026664797423300524,0.0026664797423300527
20240507,2024,기타화학제품제조업,0.1,-0.023613961975132214,-0.0023613961975132215
20240507,2024,반도체제조업,0.1,-0.02504136470825591,-0.002504136470825591
20240507,2024,일차전지및이차전지제조업,0.1,-0.02100940609132873,-0.002100940609132873
20240507,2024,자연과학및공학연구개발업,0.1,0.13308775511521476,0.013308775511521476
20240507,2024,특수목적용기계제조업,0.1,-0.05620117185263518,-0.005620117185263518
20240507,2024,회사본부및경영컨설팅서비스업,0.1,-0.12183593294492479,-0.012183593294492479
20240607,2024,1차철강제조업,0.1,-0.09258461525322603,-0.009258461525322604
20240607,2024,광고업,0.1,0.09676448394095938,0.009676448394095939
20240607,2024,기타금융업,0.1,-0.010184118556145205,-0.0010184118556145205
20240607,2024,기타화학제품제조업,0.1,0.0073160273052319535,0.0007316027305231954
20240607,2024,일반목적용기계제조업,0.1,-0.16334713832591052,-0.016334713832591052
20240607,2024,일차전지및이차전지제조업,0.1,-0.01229175673878291,-0.0012291756738782912
20240607,2024,자동차신품부품제조업,0.1,0.08003828515866074,0.008003828515866075
20240607,2024,자연과학및공학연구개발업,0.1,0.012907359343743208,0.0012907359343743209
20240607,2024,전자부품제조업,0.1,0.029170197628929584,0.0029170197628929587
20240607,2024,특수목적용기계제조업,0.1,0.030952072487981486,0.0030952072487981487
20240708,2024,1차철강제조업,0.1,-0.08486538406935973,-0.008486538406935973
20240708,2024,기타화학제품제조업,0.1,-0.05528433248172515,-0.005528433248172516
20240708,2024,반도체제조업,0.1,-0.11724661332089226,-0.011724661332089227
20240708,2024,소프트웨어개발및공급업,0.1,-0.21583653432036942,-0.021583653432036942
20240708,2024,"시멘트,석회,플라스터및그제품제조업",0.1,-0.05687408085194312,-0.005687408085194312
20240708,2024,일반목적용기계제조업,0.1,0.20843029736161345,0.020843029736161346
20240708,2024,자동차신품부품제조업,0.1,-0.02459280938250119,-0.0024592809382501194
20240708,2024,전자부품제조업,0.1,-0.26291414057133033,-0.026291414057133033
20240708,2024,통신및방송장비제조업,0.1,-0.17318731906343698,-0.0173187319063437
20240708,2024,특수목적용기계제조업,0.1,-0.12537549013966875,-0.012537549013966877
20240806,2024,UNMAPPED_SECTOR,0.2,0.10564414882107087,0.021128829764214176
20240806,2024,기타금융업,0.2,0.3170924622002602,0.06341849244005204
20240806,2024,"시멘트,석회,플라스터및그제품제조업",0.2,-0.05861071059631717,-0.011722142119263436
20240806,2024,전자부품제조업,0.2,0.08578489149587276,0.017156978299174553
20240806,2024,특수목적용기계제조업,0.2,0.06165857995333224,0.012331715990666448
20240905,2024,기초화학물질제조업,0.6,0.1125572345691636,0.06753434074149815
20240905,2024,반도체제조업,0.2,0.0048146213075928035,0.0009629242615185607
20240905,2024,특수목적용기계제조업,0.2,0.34693422929473794,0.0693868458589476
20241014,2024,전자부품제조업,0.3,-0.21561912948805737,-0.0646857388464172
20241014,2024,기타금융업,0.2,0.19393946233792758,0.038787892467585516
20241014,2024,UNMAPPED_SECTOR,0.1,-0.13737023235005674,-0.013737023235005676
20241014,2024,소프트웨어개발및공급업,0.1,-0.061910698606811865,-0.0061910698606811865
20241014,2024,의료용기기제조업,0.1,-0.11383912839897992,-0.011383912839897993
20241014,2024,의료용품및기타의약관련제품제조업,0.1,-0.057532355987275574,-0.005753235598727558
20241014,2024,자연과학및공학연구개발업,0.1,-0.07839148618164726,-0.007839148618164727
20241112,2024,UNMAPPED_SECTOR,0.6,0.0224986997490166,0.013499219849409959
20241112,2024,의료용품및기타의약관련제품제조업,0.2,-0.09958990986519045,-0.019917981973038092
20241112,2024,자동차신품부품제조업,0.2,0.028572685482276095,0.005714537096455219
20241211,2024,UNMAPPED_SECTOR,0.2,-0.0818182428957479,-0.01636364857914958
20241211,2024,기초화학물질제조업,0.2,-0.01747009302617264,-0.003494018605234528
20241211,2024,동물용사료및조제식품제조업,0.2,-0.04582010223944988,-0.009164020447889975
20241211,2024,부동산임대및공급업,0.2,-0.03369239957349801,-0.006738479914699603
20241211,2024,의료용품및기타의약관련제품제조업,0.2,0.007859403865998704,0.0015718807731997409
20250102,2025,기초의약물질및생물학적제제제조업,0.2,0.018320055427613058,0.0036640110855226116
20250102,2025,동물용사료및조제식품제조업,0.2,0.0708683577155087,0.014173671543101741
20250102,2025,소프트웨어개발및공급업,0.2,0.12170831305319685,0.024341662610639372
20250102,2025,의료용기기제조업,0.2,-0.005561350731520087,-0.0011122701463040176
20250102,2025,전자부품제조업,0.2,0.28646318215263555,0.057292636430527115
20250206,2025,특수목적용기계제조업,0.2,-0.026064641652656373,-0.005212928330531275
20250206,2025,1차철강제조업,0.1,0.08639637987785109,0.00863963798778511
20250206,2025,기초의약물질및생물학적제제제조업,0.1,0.029881571631819037,0.0029881571631819037
20250206,2025,기초화학물질제조업,0.1,-0.09281441965498105,-0.009281441965498105
20250206,2025,반도체제조업,0.1,0.1875183424157989,0.01875183424157989
20250206,2025,소프트웨어개발및공급업,0.1,-0.10849021068514109,-0.01084902106851411
20250206,2025,의료용기기제조업,0.1,0.2432712141171065,0.024327121411710652
20250206,2025,자연과학및공학연구개발업,0.1,0.33898670740811254,0.03389867074081126
20250206,2025,전자부품제조업,0.1,0.29079497064526794,0.029079497064526796
20250310,2025,특수목적용기계제조업,0.4,-0.07712825942291851,-0.030851303769167407
20250310,2025,기초의약물질및생물학적제제제조업,0.2,-0.021753744165244004,-0.004350748833048801
20250310,2025,기타금융업,0.2,0.03849692081752343,0.007699384163504686
20250310,2025,소프트웨어개발및공급업,0.2,-0.1916648174967387,-0.03833296349934774
20250408,2025,기타화학제품제조업,0.4,0.1275609346121679,0.05102437384486716
20250408,2025,1차철강제조업,0.2,0.18898896543915655,0.037797793087831315
20250408,2025,소프트웨어개발및공급업,0.2,-0.010907342541097376,-0.0021814685082194754
20250408,2025,특수목적용기계제조업,0.2,0.11765076225905524,0.02353015245181105
20250512,2025,특수목적용기계제조업,0.3,-0.06273194353489879,-0.018819583060469637
20250512,2025,기타화학제품제조업,0.2,-0.01196333953056783,-0.002392667906113566
20250512,2025,소프트웨어개발및공급업,0.2,0.24010739625516098,0.0480214792510322
20250512,2025,1차철강제조업,0.1,0.2645824002588242,0.02645824002588242
20250512,2025,기초화학물질제조업,0.1,0.21556517667514052,0.021556517667514055
20250512,2025,자연과학및공학연구개발업,0.1,0.02372112988639241,0.0023721129886392412
20250612,2025,특수목적용기계제조업,0.4,-0.016327958128244724,-0.00653118325129789
20250612,2025,기타화학제품제조업,0.2,0.06653014122775192,0.013306028245550383
20250612,2025,소프트웨어개발및공급업,0.2,-0.09323445543831355,-0.01864689108766271
20250612,2025,의료용기기제조업,0.2,-0.04998187340928684,-0.009996374681857368
20250711,2025,소프트웨어개발및공급업,0.3,-0.03925982688252402,-0.011777948064757205
20250711,2025,특수목적용기계제조업,0.3,0.06825938903966382,0.020477816711899143
20250711,2025,기타화학제품제조업,0.2,0.055942459045000725,0.011188491809000146
20250711,2025,기초화학물질제조업,0.1,0.0545115380749408,0.0054511538074940805
20250711,2025,자연과학및공학연구개발업,0.1,0.08391184762763237,0.008391184762763237
20250811,2025,소프트웨어개발및공급업,0.3,-0.01585575089977076,-0.004756725269931227
20250811,2025,특수목적용기계제조업,0.2,-0.0190830872089095,-0.0038166174417819
20250811,2025,기초의약물질및생물학적제제제조업,0.1,0.1612171032500349,0.01612171032500349
20250811,2025,기초화학물질제조업,0.1,0.11122617439860338,0.011122617439860339
20250811,2025,기타화학제품제조업,0.1,-0.01064512444446819,-0.001064512444446819
20250811,2025,전자부품제조업,0.1,-0.03669958388297989,-0.0036699583882979893
20250811,2025,플라스틱제품제조업,0.1,-0.014729272433649077,-0.0014729272433649078
20250910,2025,소프트웨어개발및공급업,0.3,-0.038922359016204035,-0.01167670770486121
20250910,2025,특수목적용기계제조업,0.3,0.15739413890725804,0.04721824167217741
20250910,2025,전자부품제조업,0.2,0.024393824737655723,0.0048787649475311445
20250910,2025,반도체제조업,0.1,0.507271031366533,0.050727103136653295
20250910,2025,자연과학및공학연구개발업,0.1,-0.04103552214867334,-0.004103552214867335
20251016,2025,소프트웨어개발및공급업,0.4,-0.01631481173291255,-0.00652592469316502
20251016,2025,의료용기기제조업,0.2,-0.0968303550071552,-0.01936607100143104
20251016,2025,전자부품제조업,0.2,0.23594177344617684,0.04718835468923537
20251016,2025,특수목적용기계제조업,0.2,-0.02310434246184556,-0.004620868492369113
20251114,2025,자연과학및공학연구개발업,0.4,0.09572346674204657,0.03828938669681863
20251114,2025,기초의약물질및생물학적제제제조업,0.2,-4.352875579494153e-05,-8.705751158988306e-06
20251114,2025,소프트웨어개발및공급업,0.2,-0.03973803547093546,-0.007947607094187093
20251114,2025,특수목적용기계제조업,0.2,0.032373437484289,0.006474687496857801
20251215,2025,특수목적용기계제조업,0.4,0.004848473423845923,0.0019393893695383692
20251215,2025,소프트웨어개발및공급업,0.2,-0.07110184200878045,-0.01422036840175609
20251215,2025,의료용기기제조업,0.2,0.04509078472597827,0.009018156945195656
20251215,2025,자연과학및공학연구개발업,0.2,-0.12286749454863788,-0.024573498909727577
